function,n,seed,ok,error
ACOS,2,2435245258,True,
ACOS,3,2890321530,True,
ACOS,7,1506175930,True,
ACOS,30000,3392517527,True,
ACOS,2,928116854,True,
ACOS,3,171034310,True,
ACOS,7,4289814790,True,
ACOS,30000,196832087,True,
ACOS,2,112850401,True,
ACOS,3,1004133713,True,
ACOS,7,3461970577,True,
ACOS,30000,2455309656,True,
ACOS,2,2697920333,True,
ACOS,3,2645481437,True,
ACOS,7,1747874333,True,
ACOS,30000,1406653336,True,
ACOS,2,1701429463,True,
ACOS,3,1477044839,True,
ACOS,7,2911457191,True,
ACOS,30000,2062337817,True,
AD,2,998101415,True,
AD,3,102627607,True,
AD,7,4087176919,True,
AD,30000,2924086622,True,
AD,2,2634734355,True,
AD,3,2691363747,True,
AD,7,1441420899,True,
AD,30000,1875172254,True,
AD,2,2900541568,True,
AD,3,2441275952,True,
AD,7,1677873136,True,
AD,30000,4129734045,True,
AD,2,177589292,True,
AD,3,938861180,True,
AD,7,3262465340,True,
AD,30000,933782365,True,
AD,2,3476223418,True,
AD,3,4065516810,True,
AD,7,131234506,True,
AD,30000,512980956,True,
ADD,2,1117718104,True,
ADD,3,2147429608,True,
ADD,7,2323614504,True,
ADD,30000,1602334902,True,
ADD,2,3840413412,True,
ADD,3,3649579092,True,
ADD,7,738754964,True,
ADD,30000,2651811958,True,
ADD,2,3573552495,True,
ADD,3,3898621375,True,
ADD,7,501259263,True,
ADD,30000,132975221,True,
ADD,2,1937186747,True,
ADD,3,1310144363,True,
ADD,7,3147272363,True,
ADD,30000,3328431797,True,
ADD,2,3067093577,True,
ADD,3,2343569657,True,
ADD,7,2117119801,True,
ADD,30000,4015572020,True,
ADOSC,2,2256005831,True,
ADOSC,3,3138897015,True,
ADOSC,7,1318544823,True,
ADOSC,30000,4067286693,True,
ADOSC,2,536928883,True,
ADOSC,3,492882115,True,
ADOSC,7,3907022595,True,
ADOSC,30000,870515301,True,
ADOSC,2,300481504,True,
ADOSC,3,747164496,True,
ADOSC,7,3641210000,True,
ADOSC,30000,2852218982,True,
ADOSC,2,3080712524,True,
ADOSC,3,2332023260,True,
ADOSC,7,2139062300,True,
ADOSC,30000,1804581030,True,
ADOSC,2,1916325594,True,
ADOSC,3,1331226730,True,
ADOSC,7,3134734762,True,
ADOSC,30000,1119137315,True,
ADX,2,141276467,True,
ADX,3,889953667,True,
ADX,7,3230350403,True,
ADX,30000,1899802517,True,
ADX,2,2921119623,True,
ADX,3,2474415927,True,
ADX,7,1727803639,True,
ADX,30000,2964484437,True,
ADX,2,2683610636,True,
ADX,3,2727644316,True,
ADX,7,1460939612,True,
ADX,30000,693114710,True,
ADX,2,964931232,True,
ADX,3,82020368,True,
ADX,7,4049805776,True,
ADX,30000,3906914710,True,
ADX,2,4230254886,True,
ADX,3,3242506646,True,
ADX,7,885268566,True,
ADX,30000,3253067027,True,
ADXR,2,1779728281,True,
ADXR,3,1467242281,True,
ADXR,7,2733961449,True,
ADXR,30000,2413688234,True,
ADXR,2,3429070117,True,
ADXR,3,4043529621,True,
ADXR,7,75758677,True,
ADXR,30000,1314073450,True,
ADXR,2,4253773490,True,
ADXR,3,3236644866,True,
ADXR,7,896262594,True,
ADXR,30000,3618721129,True,
ADXR,2,1543267838,True,
ADXR,3,1721519278,True,
ADXR,7,2468146030,True,
ADXR,30000,373265321,True,
ADXR,2,2656787336,True,
ADXR,3,2738582328,True,
ADXR,7,1455150328,True,
ADXR,30000,1057261352,True,
APO,2,4002396941,True,
APO,3,3555693469,True,
APO,7,644822621,True,
APO,30000,3344350570,True,
APO,2,1224257953,True,
APO,3,1972934929,True,
APO,7,2149072593,True,
APO,30000,114844586,True,
APO,2,2031135798,True,
APO,3,1148224134,True,
APO,7,2985305414,True,
APO,30000,2671379881,True,
APO,2,3748110474,True,
APO,3,3792144954,True,
APO,7,394735610,True,
APO,30000,1588910953,True,
APO,2,448831228,True,
APO,3,664844204,True,
APO,7,3525317228,True,
APO,30000,2005913576,True,
AROON,2,2844730588,True,
AROON,3,2498694732,True,
AROON,7,1634708364,True,
AROON,30000,1286620394,True,
AROON,2,267923536,True,
AROON,3,848824032,True,
AROON,7,3340280096,True,
AROON,30000,2369690666,True,
AROON,2,1041249731,True,
AROON,3,57679219,True,
AROON,7,4142971571,True,
AROON,30000,350027305,True,
AROON,2,2556903287,True,
AROON,3,2768705479,True,
AROON,7,1351070215,True,
AROON,30000,3578929897,True,
AROON,2,1572864237,True,
AROON,3,1621109309,True,
AROON,7,2501939069,True,
AROON,30000,4234754152,True,
AROONOSC,2,3293410048,True,
AROONOSC,3,4180499376,True,
AROONOSC,7,212729456,True,
AROONOSC,30000,3075696806,True,
AROONOSC,2,1647999404,True,
AROONOSC,3,1599754492,True,
AROONOSC,7,2866476732,True,
AROONOSC,30000,1994242150,True,
AROONOSC,2,1406297127,True,
AROONOSC,3,1857178263,True,
AROONOSC,7,2603806039,True,
AROONOSC,30000,4013937253,True,
AROONOSC,2,4121258131,True,
AROONOSC,3,3368370723,True,
AROONOSC,7,1027991523,True,
AROONOSC,30000,783355557,True,
AROONOSC,2,805459729,True,
AROONOSC,3,224559009,True,
AROONOSC,7,4175616609,True,
AROONOSC,30000,126491684,True,
ASIN,2,1866593888,True,
ASIN,3,1377950928,True,
ASIN,7,2812377872,True,
ASIN,30000,2243864508,True,
ASIN,2,3375824588,True,
ASIN,3,4099332188,True,
ASIN,7,30831004,True,
ASIN,30000,1144027388,True,
ASIN,2,4175357255,True,
ASIN,3,3317616119,True,
ASIN,7,809397303,True,
ASIN,30000,3721535227,True,
ASIN,2,1588195315,True,
ASIN,3,1674168131,True,
ASIN,7,2521391235,True,
ASIN,30000,475840955,True,
ASIN,2,2601439857,True,
ASIN,3,2792290497,True,
ASIN,7,1408130817,True,
ASIN,30000,895997246,True,
ATAN,2,1437442317,True,
ATAN,3,1758300573,True,
ATAN,7,2639081565,True,
ATAN,30000,770094824,True,
ATAN,2,4091194273,True,
ATAN,3,3468329745,True,
ATAN,7,993666257,True,
ATAN,30000,3966265896,True,
ATAN,2,3258102326,True,
ATAN,3,4283603078,True,
ATAN,7,181550918,True,
ATAN,30000,1971982375,True,
ATAN,2,1682291338,True,
ATAN,3,1495635002,True,
ATAN,7,2896508410,True,
ATAN,30000,3020214503,True,
ATAN,2,2715976956,True,
ATAN,3,2625809836,True,
ATAN,7,1761741932,True,
ATAN,30000,2638202474,True,
ATR,2,3136012361,True,
ATR,3,2274072313,True,
ATR,7,1913336121,True,
ATR,30000,768734667,True,
ATR,2,480031989,True,
ATR,3,570203717,True,
ATR,7,3564911493,True,
ATR,30000,3965659915,True,
ATR,2,762621794,True,
ATR,3,269780946,True,
ATR,7,3851690514,True,
ATR,30000,1975340300,True,
ATR,2,2332272078,True,
ATR,3,3059977566,True,
ATR,7,1138961054,True,
ATR,30000,3023279052,True,
ATR,2,1319410776,True,
ATR,3,1942270696,True,
ATR,7,2252608808,True,
ATR,30000,2634581837,True,
AVGPRICE,2,1527572702,True,
AVGPRICE,3,1718403662,True,
AVGPRICE,7,2481743758,True,
AVGPRICE,30000,1024572403,True,
AVGPRICE,2,4252755026,True,
AVGPRICE,3,3223046882,True,
AVGPRICE,7,899378466,True,
AVGPRICE,30000,4238304563,True,
AVGPRICE,2,3432249797,True,
AVGPRICE,3,4059287925,True,
AVGPRICE,7,74675893,True,
AVGPRICE,30000,1702691636,True,
AVGPRICE,2,1793389433,True,
AVGPRICE,3,1468324809,True,
AVGPRICE,7,2718203401,True,
AVGPRICE,30000,2767445492,True,
AVGPRICE,2,2940456171,True,
AVGPRICE,3,2451826235,True,
AVGPRICE,7,1738752891,True,
AVGPRICE,30000,2378746229,True,
BBANDS,2,1966799654,True,
BBANDS,3,1213911958,True,
BBANDS,7,3185210966,True,
BBANDS,30000,3296761520,True,
BBANDS,2,3545100698,True,
BBANDS,3,3995982122,True,
BBANDS,7,464355050,True,
BBANDS,30000,84822640,True,
BBANDS,2,3802524669,True,
BBANDS,3,3754279597,True,
BBANDS,7,709191021,True,
BBANDS,30000,2632724591,True,
BBANDS,2,1154670769,True,
BBANDS,3,2041760257,True,
BBANDS,7,2352115649,True,
BBANDS,30000,1566765231,True,
BBANDS,2,2171985715,True,
BBANDS,3,3155556227,True,
BBANDS,7,1234522691,True,
BBANDS,30000,1952048690,True,
BETA,2,1400237199,True,
BETA,3,1846920735,True,
BETA,7,2610258911,True,
BETA,30000,1020707207,True,
BETA,2,4110608411,True,
BETA,3,3361918603,True,
BETA,7,1038248267,True,
BETA,30000,4250410823,True,
BETA,2,3303734712,True,
BETA,3,4186625288,True,
BETA,7,202011336,True,
BETA,30000,1689942344,True,
BETA,2,1654519556,True,
BETA,3,1610473396,True,
BETA,7,2860350068,True,
BETA,30000,2771691400,True,
BETA,2,2805647490,True,
BETA,3,2589647410,True,
BETA,7,1876576242,True,
BETA,30000,2349839113,True,
BOP,2,3534851025,True,
BOP,3,4023493473,True,
BOP,7,441517217,True,
BOP,30000,1970941534,True,
BOP,2,1959166301,True,
BOP,3,1235659213,True,
BOP,7,3156611085,True,
BOP,30000,3035951774,True,
BOP,2,1160682234,True,
BOP,3,2018423882,True,
BOP,7,2379093386,True,
BOP,30000,756454557,True,
BOP,2,3814298182,True,
BOP,3,3728324854,True,
BOP,7,733552438,True,
BOP,30000,3969403997,True,
BOP,2,654225344,True,
BOP,3,463374192,True,
BOP,7,3994951856,True,
BOP,30000,3315818204,True,
CCI,2,157302957,True,
CCI,3,872442365,True,
CCI,7,3246444477,True,
CCI,30000,3588672399,False,CCI[0]: max abs diff 6.712497224725666e-10
CCI,2,2937539585,True,
CCI,3,2457297585,True,
CCI,7,1744291185,True,
CCI,30000,342365519,False,CCI[0]: max abs diff 4.5864823050578707e-10
CCI,2,2667532694,True,
CCI,3,2745137446,True,
CCI,7,1444929254,True,
CCI,30000,2374660944,False,CCI[0]: max abs diff 3.4921754377137404e-10
CCI,2,948460330,True,
CCI,3,99120026,True,
CCI,7,4033402458,True,
CCI,30000,1275374992,False,CCI[0]: max abs diff 2.693241185625084e-10
CCI,2,4247741596,True,
CCI,3,3226422796,True,
CCI,7,902818764,True,
CCI,30000,1698674961,True,
CDL2CROWS,2,1469814045,True,
CDL2CROWS,3,1794882957,True,
CDL2CROWS,7,2675645517,True,
CDL2CROWS,30000,2579362900,True,
CDL2CROWS,2,4058816401,True,
CDL2CROWS,3,3431773985,True,
CDL2CROWS,7,957092065,True,
CDL2CROWS,30000,1479748756,True,
CDL2CROWS,2,3221521926,True,
CDL2CROWS,3,4251233462,True,
CDL2CROWS,7,149162870,True,
CDL2CROWS,30000,3251718803,True,
CDL2CROWS,2,1718849210,True,
CDL2CROWS,3,1528014858,True,
CDL2CROWS,7,2928869834,True,
CDL2CROWS,30000,6264403,True,
CDL2CROWS,2,2748625196,True,
CDL2CROWS,3,2662635900,True,
CDL2CROWS,7,1798586428,True,
CDL2CROWS,30000,694452438,True,
CDL3BLACKCROWS,2,1075724347,True,
CDL3BLACKCROWS,3,2105415403,True,
CDL3BLACKCROWS,7,2298392875,True,
CDL3BLACKCROWS,30000,412653460,True,
CDL3BLACKCROWS,2,3865654511,True,
CDL3BLACKCROWS,3,3674807871,True,
CDL3BLACKCROWS,7,780778367,True,
CDL3BLACKCROWS,30000,3642116436,True,
CDL3BLACKCROWS,2,3615567716,True,
CDL3BLACKCROWS,3,3940616148,True,
CDL3BLACKCROWS,7,526492180,True,
CDL3BLACKCROWS,30000,1089744723,True,
CDL3BLACKCROWS,2,1911956952,True,
CDL3BLACKCROWS,3,1284902248,True,
CDL3BLACKCROWS,7,3105270440,True,
CDL3BLACKCROWS,30000,2172318099,True,
CDL3BLACKCROWS,2,3025214542,True,
CDL3BLACKCROWS,3,2301702878,True,
CDL3BLACKCROWS,7,2092012830,True,
CDL3BLACKCROWS,30000,2822890774,True,
CDL3INSIDE,2,706319114,True,
CDL3INSIDE,3,393853882,True,
CDL3INSIDE,7,3807977082,True,
CDL3INSIDE,30000,3899199547,True,
CDL3INSIDE,2,2356058550,True,
CDL3INSIDE,3,2970530054,True,
CDL3INSIDE,7,1150162630,True,
CDL3INSIDE,30000,703058043,True,
CDL3INSIDE,2,3179709473,True,
CDL3INSIDE,3,2162600593,True,
CDL3INSIDE,7,1969622353,True,
CDL3INSIDE,30000,2953164412,True,
CDL3INSIDE,2,468813965,True,
CDL3INSIDE,3,647078429,True,
CDL3INSIDE,7,3541108701,True,
CDL3INSIDE,30000,1904962108,True,
CDL3INSIDE,2,3730224919,True,
CDL3INSIDE,3,3812007847,True,
CDL3INSIDE,7,381041255,True,
CDL3INSIDE,30000,1487961277,True,
CDL3LINESTRIKE,2,2549047430,True,
CDL3LINESTRIKE,3,2861517366,True,
CDL3LINESTRIKE,7,1594879990,True,
CDL3LINESTRIKE,30000,3408134291,True,
CDL3LINESTRIKE,2,832072762,True,
CDL3LINESTRIKE,3,217596554,True,
CDL3LINESTRIKE,7,4185449802,True,
CDL3LINESTRIKE,30000,178970707,True,
CDL3LINESTRIKE,2,7369117,True,
CDL3LINESTRIKE,3,1024481549,True,
CDL3LINESTRIKE,7,3364945613,True,
CDL3LINESTRIKE,30000,2471017044,True,
CDL3LINESTRIKE,2,2785508113,True,
CDL3LINESTRIKE,3,2607240097,True,
CDL3LINESTRIKE,7,1860695649,True,
CDL3LINESTRIKE,30000,1388734100,True,
CDL3LINESTRIKE,2,1671447699,True,
CDL3LINESTRIKE,3,1589669411,True,
CDL3LINESTRIKE,7,2873150435,True,
CDL3LINESTRIKE,30000,2080207893,True,
CDL3OUTSIDE,2,2924507515,True,
CDL3OUTSIDE,3,2469419307,True,
CDL3OUTSIDE,7,1722875627,True,
CDL3OUTSIDE,30000,1033467036,True,
CDL3OUTSIDE,2,136805167,True,
CDL3OUTSIDE,3,893866879,True,
CDL3OUTSIDE,7,3234330175,True,
CDL3OUTSIDE,30000,4229409884,True,
CDL3OUTSIDE,2,969892004,True,
CDL3OUTSIDE,3,78596628,True,
CDL3OUTSIDE,7,4046450644,True,
CDL3OUTSIDE,30000,1710607963,True,
CDL3OUTSIDE,2,2679663640,True,
CDL3OUTSIDE,3,2732081832,True,
CDL3OUTSIDE,7,1465443688,True,
CDL3OUTSIDE,30000,2759529115,True,
CDL3OUTSIDE,2,1512002958,True,
CDL3OUTSIDE,3,1736408350,True,
CDL3OUTSIDE,7,2466241246,True,
CDL3OUTSIDE,30000,2369783838,True,
CDL3STARSINSOUTH,2,2171241778,True,
CDL3STARSINSOUTH,3,3154816386,True,
CDL3STARSINSOUTH,7,1233783874,True,
CDL3STARSINSOUTH,30000,2152419476,True,
CDL3STARSINSOUTH,2,656248702,True,
CDL3STARSINSOUTH,3,444442414,True,
CDL3STARSINSOUTH,7,4026335470,True,
CDL3STARSINSOUTH,30000,1103466580,True,
CDL3STARSINSOUTH,2,385193497,True,
CDL3STARSINSOUTH,3,731233449,True,
CDL3STARSINSOUTH,7,3725925225,True,
CDL3STARSINSOUTH,30000,3626494547,True,
CDL3STARSINSOUTH,2,2961350309,True,
CDL3STARSINSOUTH,3,2380445717,True,
CDL3STARSINSOUTH,7,2019693013,True,
CDL3STARSINSOUTH,30000,430519955,True,
CDL3STARSINSOUTH,2,1965400351,True,
CDL3STARSINSOUTH,3,1212516751,True,
CDL3STARSINSOUTH,7,3183816783,True,
CDL3STARSINSOUTH,30000,814883862,True,
CDL3WHITESOLDIERS,2,1368303939,True,
CDL3WHITESOLDIERS,3,1827570163,True,
CDL3WHITESOLDIERS,7,2574133299,True,
CDL3WHITESOLDIERS,30000,1048689638,True,
CDL3WHITESOLDIERS,2,4160332791,True,
CDL3WHITESOLDIERS,3,3399060295,True,
CDL3WHITESOLDIERS,7,1058614407,True,
CDL3WHITESOLDIERS,30000,4279199014,True,
CDL3WHITESOLDIERS,2,3323050588,True,
CDL3WHITESOLDIERS,3,4218523852,True,
CDL3WHITESOLDIERS,7,250689292,True,
CDL3WHITESOLDIERS,30000,1726808869,True,
CDL3WHITESOLDIERS,2,1617343184,True,
CDL3WHITESOLDIERS,3,1560714336,True,
CDL3WHITESOLDIERS,7,2827369888,True,
CDL3WHITESOLDIERS,30000,2808339941,True,
CDL3WHITESOLDIERS,2,2780925270,True,
CDL3WHITESOLDIERS,3,2560730598,True,
CDL3WHITESOLDIERS,7,1830880294,True,
CDL3WHITESOLDIERS,30000,2388183396,True,
CDLABANDONEDBABY,2,4006820947,True,
CDLABANDONEDBABY,3,3551728355,True,
CDLABANDONEDBABY,7,640922915,True,
CDLABANDONEDBABY,30000,3305531348,True,
CDLABANDONEDBABY,2,1218719975,True,
CDLABANDONEDBABY,3,1975786071,True,
CDLABANDONEDBABY,7,2151989143,True,
CDLABANDONEDBABY,30000,76069140,True,
CDLABANDONEDBABY,2,2035034988,True,
CDLABANDONEDBABY,3,1143735228,True,
CDLABANDONEDBABY,7,2980881916,True,
CDLABANDONEDBABY,30000,2641026835,True,
CDLABANDONEDBABY,2,3745194432,True,
CDLABANDONEDBABY,3,3797617008,True,
CDLABANDONEDBABY,7,400273072,True,
CDLABANDONEDBABY,30000,1558446547,True,
CDLABANDONEDBABY,2,446439494,True,
CDLABANDONEDBABY,3,670840566,True,
CDLABANDONEDBABY,7,3531378998,True,
CDLABANDONEDBABY,30000,1977554262,True,
CDLADVANCEBLOCK,2,1578413600,True,
CDLADVANCEBLOCK,3,1668580496,True,
CDLADVANCEBLOCK,7,2532582224,True,
CDLADVANCEBLOCK,30000,3927386586,True,
CDLADVANCEBLOCK,2,4167280268,True,
CDLADVANCEBLOCK,3,3305345052,True,
CDLADVANCEBLOCK,7,813902300,True,
CDLADVANCEBLOCK,30000,731510554,True,
CDLADVANCEBLOCK,2,3381378311,True,
CDLADVANCEBLOCK,3,4109079991,True,
CDLADVANCEBLOCK,7,23802999,True,
CDLADVANCEBLOCK,30000,2994442521,True,
CDLADVANCEBLOCK,2,1878833075,True,
CDLADVANCEBLOCK,3,1385996035,True,
CDLADVANCEBLOCK,7,2803644611,True,
CDLADVANCEBLOCK,30000,1945456601,True,
CDLADVANCEBLOCK,2,2858125873,True,
CDLADVANCEBLOCK,3,2537267329,True,
CDLADVANCEBLOCK,7,1656424257,True,
CDLADVANCEBLOCK,30000,1523473240,True,
CDLBELTHOLD,2,3777379119,True,
CDLBELTHOLD,3,3695580031,True,
CDLBELTHOLD,7,700888639,True,
CDLBELTHOLD,30000,1279282743,True,
CDLBELTHOLD,2,1196503419,True,
CDLBELTHOLD,3,2050038059,True,
CDLBELTHOLD,7,2410790635,True,
CDLBELTHOLD,30000,2379125495,True,
CDLBELTHOLD,2,1991846936,True,
CDLBELTHOLD,3,1272513192,True,
CDLBELTHOLD,7,3193546088,True,
CDLBELTHOLD,30000,338490616,True,
CDLBELTHOLD,2,3503169700,True,
CDLBELTHOLD,3,3987606036,True,
CDLBELTHOLD,7,405712852,True,
CDLBELTHOLD,30000,3584175160,True,
CDLBELTHOLD,2,359210786,True,
CDLBELTHOLD,3,671692690,True,
CDLBELTHOLD,7,3716780626,True,
CDLBELTHOLD,30000,4237901497,True,
CDLBREAKAWAY,2,1369855347,True,
CDLBREAKAWAY,3,1824947651,True,
CDLBREAKAWAY,7,2571557891,True,
CDLBREAKAWAY,30000,791242831,True,
CDLBREAKAWAY,2,4157693895,True,
CDLBREAKAWAY,3,3400628087,True,
CDLBREAKAWAY,7,1060229303,True,
CDLBREAKAWAY,30000,4003969167,True,
CDLBREAKAWAY,2,3325642316,True,
CDLBREAKAWAY,3,4216941788,True,
CDLBREAKAWAY,7,249154332,True,
CDLBREAKAWAY,30000,2001067664,True,
CDLBREAKAWAY,2,1615744736,True,
CDLBREAKAWAY,3,1563322448,True,
CDLBREAKAWAY,7,2830025104,True,
CDLBREAKAWAY,30000,3066757712,True,
CDLBREAKAWAY,2,2783539558,True,
CDLBREAKAWAY,3,2559138262,True,
CDLBREAKAWAY,7,1829371926,True,
CDLBREAKAWAY,30000,2683311313,True,
CDLCLOSINGMARUBOZU,2,887573536,True,
CDLCLOSINGMARUBOZU,3,159867536,True,
CDLCLOSINGMARUBOZU,7,4228367696,True,
CDLCLOSINGMARUBOZU,30000,3582902256,True,
CDLCLOSINGMARUBOZU,2,2458927244,True,
CDLCLOSINGMARUBOZU,3,2951768604,True,
CDLCLOSINGMARUBOZU,7,1517342684,True,
CDLCLOSINGMARUBOZU,30000,335569200,True,
CDLCLOSINGMARUBOZU,2,2742573831,True,
CDLCLOSINGMARUBOZU,3,2652402615,True,
CDLCLOSINGMARUBOZU,7,1805178487,True,
CDLCLOSINGMARUBOZU,30000,2380400431,True,
CDLCLOSINGMARUBOZU,2,84890035,True,
CDLCLOSINGMARUBOZU,3,946829571,True,
CDLCLOSINGMARUBOZU,7,3455049411,True,
CDLCLOSINGMARUBOZU,30000,1282202095,True,
CDLCLOSINGMARUBOZU,2,3232264241,True,
CDLCLOSINGMARUBOZU,3,4257760897,True,
CDLCLOSINGMARUBOZU,7,138993985,True,
CDLCLOSINGMARUBOZU,30000,1700253042,True,
CDLCONCEALBABYSWALL,2,3079119425,True,
CDLCONCEALBABYSWALL,3,2330429681,True,
CDLCONCEALBABYSWALL,7,2137468721,True,
CDLCONCEALBABYSWALL,30000,1227099214,True,
CDLCONCEALBABYSWALL,2,300985069,True,
CDLCONCEALBABYSWALL,3,747668541,True,
CDLCONCEALBABYSWALL,7,3641714045,True,
CDLCONCEALBABYSWALL,30000,2292896910,True,
CDLCONCEALBABYSWALL,2,538489194,True,
CDLCONCEALBABYSWALL,3,494442970,True,
CDLCONCEALBABYSWALL,7,3908583450,True,
CDLCONCEALBABYSWALL,30000,289976973,True,
CDLCONCEALBABYSWALL,2,2255469526,True,
CDLCONCEALBABYSWALL,3,3138360166,True,
CDLCONCEALBABYSWALL,7,1318007974,True,
CDLCONCEALBABYSWALL,30000,3502665293,True,
CDLCONCEALBABYSWALL,2,1137215056,True,
CDLCONCEALBABYSWALL,3,2124983520,True,
CDLCONCEALBABYSWALL,7,2334657312,True,
CDLCONCEALBABYSWALL,30000,4194138316,True,
CDLCOUNTERATTACK,2,2271444873,True,
CDLCOUNTERATTACK,3,3120781113,True,
CDLCOUNTERATTACK,7,1334046969,True,
CDLCOUNTERATTACK,30000,1627509695,True,
CDLCOUNTERATTACK,2,554988853,True,
CDLCOUNTERATTACK,3,477388165,True,
CDLCOUNTERATTACK,7,3925146693,True,
CDLCOUNTERATTACK,30000,2693729535,True,
CDLCOUNTERATTACK,2,284978850,True,
CDLCOUNTERATTACK,3,765216786,True,
CDLCOUNTERATTACK,7,3625771474,True,
CDLCOUNTERATTACK,30000,963472128,True,
CDLCOUNTERATTACK,2,3062588942,True,
CDLCOUNTERATTACK,3,2347453598,True,
CDLCOUNTERATTACK,7,2121001822,True,
CDLCOUNTERATTACK,30000,4175672768,True,
CDLCOUNTERATTACK,2,1932286872,True,
CDLCOUNTERATTACK,3,1313633064,True,
CDLCOUNTERATTACK,7,3150763240,True,
CDLCOUNTERATTACK,30000,3520635201,True,
CDLDARKCLOUDCOVER,2,697711536,True,
CDLDARKCLOUDCOVER,3,351671040,True,
CDLDARKCLOUDCOVER,7,3782653120,True,
CDLDARKCLOUDCOVER,30000,1763513194,True,
CDLDARKCLOUDCOVER,2,2413900028,True,
CDLDARKCLOUDCOVER,3,2994805164,True,
CDLDARKCLOUDCOVER,7,1191297132,True,
CDLDARKCLOUDCOVER,30000,2828258730,True,
CDLDARKCLOUDCOVER,2,3188271767,True,
CDLDARKCLOUDCOVER,3,2204697639,True,
CDLDARKCLOUDCOVER,7,1995023847,True,
CDLDARKCLOUDCOVER,30000,829533097,True,
CDLDARKCLOUDCOVER,2,410919459,True,
CDLDARKCLOUDCOVER,3,622725267,True,
CDLDARKCLOUDCOVER,7,3500060499,True,
CDLDARKCLOUDCOVER,30000,4043273577,True,
CDLDARKCLOUDCOVER,2,3721994145,True,
CDLDARKCLOUDCOVER,3,3770234641,True,
CDLDARKCLOUDCOVER,7,356094161,True,
CDLDARKCLOUDCOVER,30000,3653525992,True,
CDLDOJI,2,3573188224,True,
CDLDOJI,3,3919228976,True,
CDLDOJI,7,471468528,True,
CDLDOJI,30000,1593060738,True,
CDLDOJI,2,1921879596,True,
CDLDOJI,3,1340974204,True,
CDLDOJI,7,3127706428,True,
CDLDOJI,30000,2675635010,True,
CDLDOJI,2,1130731431,True,
CDLDOJI,3,2114305815,True,
CDLDOJI,7,2340755671,True,
CDLDOJI,30000,110662977,True,
CDLDOJI,2,3843202323,True,
CDLDOJI,3,3631396259,True,
CDLDOJI,7,770839651,True,
CDLDOJI,30000,3340127105,True,
CDLDOJI,2,548774545,True,
CDLDOJI,3,500534305,True,
CDLDOJI,7,3897896417,True,
CDLDOJI,30000,3995950848,True,
CDLDOJISTAR,2,69736925,True,
CDLDOJISTAR,3,961032525,True,
CDLDOJISTAR,7,3435697805,True,
CDLDOJISTAR,30000,999778484,True,
CDLDOJISTAR,2,2724139857,True,
CDLDOJISTAR,3,2671721441,True,
CDLDOJISTAR,7,1790942753,True,
CDLDOJISTAR,30000,4195989620,True,
CDLDOJISTAR,2,2478246086,True,
CDLDOJISTAR,3,2933334646,True,
CDLDOJISTAR,7,1532463030,True,
CDLDOJISTAR,30000,1677447795,True,
CDLDOJISTAR,2,901776506,True,
CDLDOJISTAR,3,144714442,True,
CDLDOJISTAR,7,4246768906,True,
CDLDOJISTAR,30000,2725580467,True,
CDLDOJISTAR,2,4033297900,True,
CDLDOJISTAR,3,3439793468,True,
CDLDOJISTAR,7,948417148,True,
CDLDOJISTAR,30000,2337152054,True,
CDLDRAGONFLYDOJI,2,4034917433,True,
CDLDRAGONFLYDOJI,3,3441416841,True,
CDLDRAGONFLYDOJI,7,949976393,True,
CDLDRAGONFLYDOJI,30000,3159017331,True,
CDLDRAGONFLYDOJI,2,1443428485,True,
CDLDRAGONFLYDOJI,3,1802031669,True,
CDLDRAGONFLYDOJI,7,2666035189,True,
CDLDRAGONFLYDOJI,30000,2110003635,True,
CDLDRAGONFLYDOJI,2,1742791442,True,
CDLDRAGONFLYDOJI,3,1518390178,True,
CDLDRAGONFLYDOJI,7,2936041058,True,
CDLDRAGONFLYDOJI,30000,3827728308,True,
CDLDRAGONFLYDOJI,2,3247958430,True,
CDLDRAGONFLYDOJI,3,4244095246,True,
CDLDRAGONFLYDOJI,7,158820046,True,
CDLDRAGONFLYDOJI,30000,631808372,True,
CDLDRAGONFLYDOJI,2,70309928,True,
CDLDRAGONFLYDOJI,3,961609368,True,
CDLDRAGONFLYDOJI,7,3436206424,True,
CDLDRAGONFLYDOJI,30000,211006965,True,
CDLENGULFING,2,2278229490,True,
CDLENGULFING,3,3131780418,True,
CDLENGULFING,7,1328253570,True,
CDLENGULFING,30000,1217324976,True,
CDLENGULFING,2,565972798,True,
CDLENGULFING,3,484190190,True,
CDLENGULFING,7,3915153966,True,
CDLENGULFING,30000,2298493296,True,
CDLENGULFING,2,273945817,True,
CDLENGULFING,3,758398569,True,
CDLENGULFING,7,3635714985,True,
CDLENGULFING,30000,283271023,True,
CDLENGULFING,2,3055755365,True,
CDLENGULFING,3,2336437973,True,
CDLENGULFING,7,2126745877,True,
CDLENGULFING,30000,3513549231,True,
CDLENGULFING,2,1938039263,True,
CDLENGULFING,3,1323567439,True,
CDLENGULFING,7,3143937679,True,
CDLENGULFING,30000,4166489394,True,
CDLEVENINGDOJISTAR,2,2591287298,True,
CDLEVENINGDOJISTAR,3,2803093170,True,
CDLEVENINGDOJISTAR,7,1385392498,True,
CDLEVENINGDOJISTAR,30000,731168176,True,
CDLEVENINGDOJISTAR,2,1006955694,True,
CDLEVENINGDOJISTAR,3,23381502,True,
CDLEVENINGDOJISTAR,7,4108608446,True,
CDLEVENINGDOJISTAR,30000,3927597936,True,
CDLEVENINGDOJISTAR,2,233633577,True,
CDLEVENINGDOJISTAR,3,814538649,True,
CDLEVENINGDOJISTAR,7,3305929305,True,
CDLEVENINGDOJISTAR,30000,1945634159,True,
CDLEVENINGDOJISTAR,2,2879126933,True,
CDLEVENINGDOJISTAR,3,2533086501,True,
CDLEVENINGDOJISTAR,7,1669034725,True,
CDLEVENINGDOJISTAR,30000,2994133935,True,
CDLEVENINGDOJISTAR,2,1849476111,True,
CDLEVENINGDOJISTAR,3,1398598303,True,
CDLEVENINGDOJISTAR,7,2799455583,True,
CDLEVENINGDOJISTAR,30000,2605567794,True,
CDLEVENINGSTAR,2,1744269176,True,
CDLEVENINGSTAR,3,1519863752,True,
CDLEVENINGSTAR,7,2937577992,True,
CDLEVENINGSTAR,30000,1561398951,True,
CDLEVENINGSTAR,2,3246417348,True,
CDLEVENINGSTAR,3,4242558324,True,
CDLEVENINGSTAR,7,157346484,True,
CDLEVENINGSTAR,30000,2627719783,True,
CDLEVENINGSTAR,2,4033380431,True,
CDLEVENINGSTAR,3,3439875807,True,
CDLEVENINGSTAR,7,948498719,True,
CDLEVENINGSTAR,30000,92125288,True,
CDLEVENINGSTAR,2,1444902107,True,
CDLEVENINGSTAR,3,1803509323,True,
CDLEVENINGSTAR,7,2667576203,True,
CDLEVENINGSTAR,30000,3304286376,True,
CDLEVENINGSTAR,2,2478328681,True,
CDLEVENINGSTAR,3,2933416921,True,
CDLEVENINGSTAR,7,1532544537,True,
CDLEVENINGSTAR,30000,3989339689,True,
CDLGAPSIDESIDEWHITE,2,513390858,True,
CDLGAPSIDESIDEWHITE,3,603558330,True,
CDLGAPSIDESIDEWHITE,7,3598268538,True,
CDLGAPSIDESIDEWHITE,30000,3347357827,True,
CDLGAPSIDESIDEWHITE,2,3102651318,True,
CDLGAPSIDESIDEWHITE,3,2240715526,True,
CDLGAPSIDESIDEWHITE,7,1879981254,True,
CDLGAPSIDESIDEWHITE,30000,101351491,True,
CDLGAPSIDESIDEWHITE,2,2298915361,True,
CDLGAPSIDESIDEWHITE,3,3026616465,True,
CDLGAPSIDESIDEWHITE,7,1105602385,True,
CDLGAPSIDESIDEWHITE,30000,2682788420,True,
CDLGAPSIDESIDEWHITE,2,795976333,True,
CDLGAPSIDESIDEWHITE,3,303139869,True,
CDLGAPSIDESIDEWHITE,7,3885051357,True,
CDLGAPSIDESIDEWHITE,30000,1583793796,True,
CDLGAPSIDESIDEWHITE,2,3939933463,True,
CDLGAPSIDESIDEWHITE,3,3619075495,True,
CDLGAPSIDESIDEWHITE,7,573969511,True,
CDLGAPSIDESIDEWHITE,30000,2002637829,True,
CDLGRAVESTONEDOJI,2,38369099,True,
CDLGRAVESTONEDOJI,3,1059676123,True,
CDLGRAVESTONEDOJI,7,3400137243,True,
CDLGRAVESTONEDOJI,30000,1524801121,True,
CDLGRAVESTONEDOJI,2,2755558879,True,
CDLGRAVESTONEDOJI,3,2573096271,True,
CDLGRAVESTONEDOJI,7,1826550415,True,
CDLGRAVESTONEDOJI,30000,2607563425,True,
CDLGRAVESTONEDOJI,2,2513856628,True,
CDLGRAVESTONEDOJI,3,2830520004,True,
CDLGRAVESTONEDOJI,7,1563879684,True,
CDLGRAVESTONEDOJI,30000,42869922,True,
CDLGRAVESTONEDOJI,2,866217160,True,
CDLGRAVESTONEDOJI,3,247547512,True,
CDLGRAVESTONEDOJI,7,4215399352,True,
CDLGRAVESTONEDOJI,30000,3271621730,True,
CDLGRAVESTONEDOJI,2,4127609662,True,
CDLGRAVESTONEDOJI,3,3412491246,True,
CDLGRAVESTONEDOJI,7,1055317550,True,
CDLGRAVESTONEDOJI,30000,3929796319,True,
CDLHAMMER,2,492816232,True,
CDLHAMMER,3,541061080,True,
CDLHAMMER,7,3586083352,True,
CDLHAMMER,30000,208534563,True,
CDLHAMMER,2,3140013524,True,
CDLHAMMER,3,2252924260,True,
CDLHAMMER,7,1942504100,True,
CDLHAMMER,30000,3454215395,True,
CDLHAMMER,2,2327894079,True,
CDLHAMMER,3,3080781551,True,
CDLHAMMER,7,1109416239,True,
CDLHAMMER,30000,1409368804,True,
CDLHAMMER,2,750247147,True,
CDLHAMMER,3,299365947,True,
CDLHAMMER,7,3830928251,True,
CDLHAMMER,30000,2509217316,True,
CDLHAMMER,2,3910198137,True,
CDLHAMMER,3,3564161993,True,
CDLHAMMER,7,569404937,True,
CDLHAMMER,30000,3165948069,True,
CDLHANGINGMAN,2,2356090376,True,
CDLHANGINGMAN,3,2970565816,True,
CDLHANGINGMAN,7,1150262136,True,
CDLHANGINGMAN,30000,3771339614,True,
CDLHANGINGMAN,2,706223796,True,
CDLHANGINGMAN,3,393754628,True,
CDLHANGINGMAN,7,3807941060,True,
CDLHANGINGMAN,30000,558157214,True,
CDLHANGINGMAN,2,468714783,True,
CDLHANGINGMAN,3,646983055,True,
CDLHANGINGMAN,7,3541077071,True,
CDLHANGINGMAN,30000,3097930653,True,
CDLHANGINGMAN,2,3179745163,True,
CDLHANGINGMAN,3,2162632475,True,
CDLHANGINGMAN,7,1969717467,True,
CDLHANGINGMAN,30000,2032694621,True,
CDLHANGINGMAN,2,2015375897,True,
CDLHANGINGMAN,3,1161828521,True,
CDLHANGINGMAN,7,2965421929,True,
CDLHANGINGMAN,30000,1343447516,True,
CDLHARAMI,2,1418443642,True,
CDLHARAMI,3,1777046474,True,
CDLHARAMI,7,2624271882,True,
CDLHARAMI,30000,1103236386,True,
CDLHARAMI,2,4076646854,True,
CDLHARAMI,3,3483146614,True,
CDLHARAMI,7,974929590,True,
CDLHARAMI,30000,2152518626,True,
CDLHARAMI,2,3272911953,True,
CDLHARAMI,3,4269048545,True,
CDLHARAMI,7,200549665,True,
CDLHARAMI,30000,430880225,True,
CDLHARAMI,2,1701028061,True,
CDLHARAMI,3,1476627021,True,
CDLHARAMI,7,2911055757,True,
CDLHARAMI,30000,3626003233,True,
CDLHARAMI,2,2697240423,True,
CDLHARAMI,3,2644817879,True,
CDLHARAMI,7,1747194391,True,
CDLHARAMI,30000,4045111200,True,
CDLHARAMICROSS,2,723699308,True,
CDLHARAMICROSS,3,373484732,True,
CDLHARAMICROSS,7,3821161212,True,
CDLHARAMICROSS,30000,1104101487,True,
CDLHARAMICROSS,2,2371210944,True,
CDLHARAMICROSS,3,2956322928,True,
CDLHARAMICROSS,7,1169506736,True,
CDLHARAMICROSS,30000,2151801007,True,
CDLHARAMICROSS,2,3166557523,True,
CDLHARAMICROSS,3,2178809315,True,
CDLHARAMICROSS,7,1952275491,True,
CDLHARAMICROSS,30000,430147248,True,
CDLHARAMICROSS,2,449503207,True,
CDLHARAMICROSS,3,665515863,True,
CDLHARAMICROSS,7,3525988503,True,
CDLHARAMICROSS,30000,3626850928,True,
CDLHARAMICROSS,2,3748520541,True,
CDLHARAMICROSS,3,3792554189,True,
CDLHARAMICROSS,7,395144973,True,
CDLHARAMICROSS,30000,4044770545,True,
CDLHIGHWAVE,2,988303828,True,
CDLHIGHWAVE,3,126384484,True,
CDLHIGHWAVE,7,4060667556,True,
CDLHIGHWAVE,30000,1756299647,True,
CDLHIGHWAVE,2,2627689320,True,
CDLHIGHWAVE,3,2717873112,True,
CDLHIGHWAVE,7,1417664024,True,
CDLHIGHWAVE,30000,2837569343,True,
CDLHIGHWAVE,2,2910273771,True,
CDLHIGHWAVE,3,2417453627,True,
CDLHIGHWAVE,7,1704447867,True,
CDLHIGHWAVE,30000,818133312,True,
CDLHIGHWAVE,2,184568895,True,
CDLHIGHWAVE,3,912286447,True,
CDLHIGHWAVE,7,3286287663,True,
CDLHIGHWAVE,30000,4048381824,True,
CDLHIGHWAVE,2,3467081157,True,
CDLHIGHWAVE,3,4089929077,True,
CDLHIGHWAVE,7,105380533,True,
CDLHIGHWAVE,30000,3631641345,True,
CDLHIKKAKE,2,2923592831,True,
CDLHIKKAKE,3,2468501039,True,
CDLHIKKAKE,7,1721955311,True,
CDLHIKKAKE,30000,3268870513,True,
CDLHIKKAKE,2,137721899,True,
CDLHIKKAKE,3,894787195,True,
CDLHIKKAKE,7,3235248443,True,
CDLHIKKAKE,30000,56221617,True,
CDLHIKKAKE,2,970812840,True,
CDLHIKKAKE,3,79512856,True,
CDLHIKKAKE,7,4047364824,True,
CDLHIKKAKE,30000,2595994034,True,
CDLHIKKAKE,2,2678744852,True,
CDLHIKKAKE,3,2731167652,True,
CDLHIKKAKE,7,1464527460,True,
CDLHIKKAKE,30000,1530226546,True,
CDLHIKKAKE,2,1510824082,True,
CDLHIKKAKE,3,1735225890,True,
CDLHIKKAKE,7,2465060834,True,
CDLHIKKAKE,30000,1913549807,True,
CDLHIKKAKEMOD,2,477734897,True,
CDLHIKKAKEMOD,3,555323201,True,
CDLHIKKAKEMOD,7,3566807169,True,
CDLHIKKAKEMOD,30000,2615185443,True,
CDLHIKKAKEMOD,2,3121524029,True,
CDLHIKKAKEMOD,3,2272167405,True,
CDLHIKKAKEMOD,7,1928209453,True,
CDLHIKKAKEMOD,30000,1517179107,True,
CDLHIKKAKEMOD,2,2347153114,True,
CDLHIKKAKEMOD,3,3062276202,True,
CDLHIKKAKEMOD,7,1124481450,True,
CDLHIKKAKEMOD,30000,3280746212,True,
CDLHIKKAKEMOD,2,764526182,True,
CDLHIKKAKEMOD,3,284267734,True,
CDLHIKKAKEMOD,7,3849401110,True,
CDLHIKKAKEMOD,30000,33745444,True,
CDLHIKKAKEMOD,2,3895886816,True,
CDLHIKKAKEMOD,3,3579226960,True,
CDLHIKKAKEMOD,7,550898832,True,
CDLHIKKAKEMOD,30000,725220517,True,
CDLHOMINGPIGEON,2,1963551386,True,
CDLHOMINGPIGEON,3,1214858282,True,
CDLHOMINGPIGEON,7,3186222570,True,
CDLHOMINGPIGEON,30000,1609077427,True,
CDLHOMINGPIGEON,2,3548275238,True,
CDLHOMINGPIGEON,3,3994962070,True,
CDLHOMINGPIGEON,7,463400790,True,
CDLHOMINGPIGEON,30000,2657504883,True,
CDLHOMINGPIGEON,2,3801512881,True,
CDLHOMINGPIGEON,3,3757462273,True,
CDLHOMINGPIGEON,7,712438977,True,
CDLHOMINGPIGEON,30000,126102644,True,
CDLHOMINGPIGEON,2,1155625213,True,
CDLHOMINGPIGEON,3,2038520237,True,
CDLHOMINGPIGEON,7,2348941421,True,
CDLHOMINGPIGEON,30000,3322606772,True,
CDLHOMINGPIGEON,2,2168868487,True,
CDLHOMINGPIGEON,3,3156633655,True,
CDLHOMINGPIGEON,7,1235665399,True,
CDLHOMINGPIGEON,30000,4013023797,True,
CDLIDENTICAL3CROWS,2,2508552104,True,
CDLIDENTICAL3CROWS,3,2833604376,True,
CDLIDENTICAL3CROWS,7,1566963928,True,
CDLIDENTICAL3CROWS,30000,638101385,True,
CDLIDENTICAL3CROWS,2,871529748,True,
CDLIDENTICAL3CROWS,3,244471204,True,
CDLIDENTICAL3CROWS,7,4212323428,True,
CDLIDENTICAL3CROWS,30000,3884349769,True,
CDLIDENTICAL3CROWS,2,35284607,True,
CDLIDENTICAL3CROWS,3,1064980527,True,
CDLIDENTICAL3CROWS,7,3405441519,True,
CDLIDENTICAL3CROWS,30000,2120490826,True,
CDLIDENTICAL3CROWS,2,2758635051,True,
CDLIDENTICAL3CROWS,3,2567783547,True,
CDLIDENTICAL3CROWS,7,1821238075,True,
CDLIDENTICAL3CROWS,30000,3219833226,True,
CDLIDENTICAL3CROWS,2,1640649657,True,
CDLIDENTICAL3CROWS,3,1554676489,True,
CDLIDENTICAL3CROWS,7,2838158537,True,
CDLIDENTICAL3CROWS,30000,2530333959,True,
CDLINNECK,2,1728071153,True,
CDLINNECK,3,1516268865,True,
CDLINNECK,7,2950744705,True,
CDLINNECK,30000,145547752,True,
CDLINNECK,2,3245821757,True,
CDLINNECK,3,4229392365,True,
CDLINNECK,7,160940589,True,
CDLINNECK,30000,3374464808,True,
CDLINNECK,2,4036973786,True,
CDLINNECK,3,3456073322,True,
CDLINNECK,7,947903402,True,
CDLINNECK,30000,1354783015,True,
CDLINNECK,2,1458069606,True,
CDLINNECK,3,1804105430,True,
CDLINNECK,7,2651377942,True,
CDLINNECK,30000,2437842919,True,
CDLINNECK,2,2471453152,True,
CDLINNECK,3,2922334544,True,
CDLINNECK,7,1538256528,True,
CDLINNECK,30000,3094713194,True,
CDLINVERTEDHAMMER,2,1594270830,True,
CDLINVERTEDHAMMER,3,1650887358,True,
CDLINVERTEDHAMMER,7,2548444414,True,
CDLINVERTEDHAMMER,30000,18617577,True,
CDLINVERTEDHAMMER,2,4184975554,True,
CDLINVERTEDHAMMER,3,3289481842,True,
CDLINVERTEDHAMMER,7,831596466,True,
CDLINVERTEDHAMMER,30000,3230845993,True,
CDLINVERTEDHAMMER,2,3365516117,True,
CDLINVERTEDHAMMER,3,4126776293,True,
CDLINVERTEDHAMMER,7,7945765,True,
CDLINVERTEDHAMMER,30000,1500556842,True,
CDLINVERTEDHAMMER,2,1861138921,True,
CDLINVERTEDHAMMER,3,1401852249,True,
CDLINVERTEDHAMMER,7,2785949337,True,
CDLINVERTEDHAMMER,30000,2566812394,True,
CDLINVERTEDHAMMER,2,2873722971,True,
CDLINVERTEDHAMMER,3,2519314123,True,
CDLINVERTEDHAMMER,7,1672022283,True,
CDLINVERTEDHAMMER,30000,2982504551,True,
CDLKICKING,2,2535507986,True,
CDLKICKING,3,2856382114,True,
CDLKICKING,7,1606437218,True,
CDLKICKING,30000,2900877019,True,
CDLKICKING,2,827837598,True,
CDLKICKING,3,204989966,True,
CDLKICKING,7,4189537230,True,
CDLKICKING,30000,1835598363,True,
CDLKICKING,2,12572473,True,
CDLKICKING,3,1038090121,True,
CDLKICKING,7,3361692233,True,
CDLKICKING,30000,4102776860,True,
CDLKICKING,2,2798181765,True,
CDLKICKING,3,2611541301,True,
CDLKICKING,7,1848136437,True,
CDLKICKING,30000,889567452,True,
CDLKICKING,2,1668277247,True,
CDLKICKING,3,1578093231,True,
CDLKICKING,7,2878303599,True,
CDLKICKING,30000,473869917,True,
CDLKICKINGBYLENGTH,2,3579923975,True,
CDLKICKINGBYLENGTH,3,3892405431,True,
CDLKICKINGBYLENGTH,7,495043447,True,
CDLKICKINGBYLENGTH,30000,3069038283,True,
CDLKICKINGBYLENGTH,2,1930839731,True,
CDLKICKINGBYLENGTH,3,1316384771,True,
CDLKICKINGBYLENGTH,7,3153512899,True,
CDLKICKINGBYLENGTH,30000,2002981387,True,
CDLKICKINGBYLENGTH,2,1123966240,True,
CDLKICKINGBYLENGTH,3,2141091216,True,
CDLKICKINGBYLENGTH,7,2317276240,True,
CDLKICKINGBYLENGTH,30000,4001462284,True,
CDLKICKINGBYLENGTH,2,3834206092,True,
CDLKICKINGBYLENGTH,3,3655958300,True,
CDLKICKINGBYLENGTH,7,745134300,True,
CDLKICKINGBYLENGTH,30000,789555404,True,
CDLKICKINGBYLENGTH,2,556689946,True,
CDLKICKINGBYLENGTH,3,474890410,True,
CDLKICKINGBYLENGTH,7,3922650986,True,
CDLKICKINGBYLENGTH,30000,104119885,True,
CDLLADDERBOTTOM,2,1649416707,True,
CDLLADDERBOTTOM,3,1596993715,True,
CDLLADDERBOTTOM,7,2863699827,True,
CDLLADDERBOTTOM,30000,3244490609,True,
CDLLADDERBOTTOM,2,3290895031,True,
CDLLADDERBOTTOM,3,4182195207,True,
CDLLADDERBOTTOM,7,214408647,True,
CDLLADDERBOTTOM,30000,15475121,True,
CDLLADDERBOTTOM,2,4123986204,True,
CDLLADDERBOTTOM,3,3366920588,True,
CDLLADDERBOTTOM,7,1026525260,True,
CDLLADDERBOTTOM,30000,2567849906,True,
CDLLADDERBOTTOM,2,1404568464,True,
CDLLADDERBOTTOM,3,1859660576,True,
CDLLADDERBOTTOM,7,2606271712,True,
CDLLADDERBOTTOM,30000,1484822898,True,
CDLLADDERBOTTOM,2,2518629910,True,
CDLLADDERBOTTOM,3,2877232294,True,
CDLLADDERBOTTOM,7,1593815910,True,
CDLLADDERBOTTOM,30000,1908116975,True,
CDLLONGLEGGEDDOJI,2,64370882,True,
CDLLONGLEGGEDDOJI,3,1052119666,True,
CDLLONGLEGGEDDOJI,7,3409360818,True,
CDLLONGLEGGEDDOJI,30000,2175746797,True,
CDLLONGLEGGEDDOJI,2,2778805358,True,
CDLLONGLEGGEDDOJI,3,2562792126,True,
CDLLONGLEGGEDDOJI,7,1833024766,True,
CDLLONGLEGGEDDOJI,30000,1075945005,True,
CDLLONGLEGGEDDOJI,2,2487822825,True,
CDLLONGLEGGEDDOJI,3,2838036825,True,
CDLLONGLEGGEDDOJI,7,1554622105,True,
CDLLONGLEGGEDDOJI,30000,3653499950,True,
CDLLONGLEGGEDDOJI,2,842933077,True,
CDLLONGLEGGEDDOJI,3,257821669,True,
CDLLONGLEGGEDDOJI,7,4208897573,True,
CDLLONGLEGGEDDOJI,30000,407708910,True,
CDLLONGLEGGEDDOJI,2,4154006735,True,
CDLLONGLEGGEDDOJI,3,3405330015,True,
CDLLONGLEGGEDDOJI,7,1064932255,True,
CDLLONGLEGGEDDOJI,30000,829829739,True,
CDLLONGLINE,2,3056962413,True,
CDLLONGLINE,3,2337645501,True,
CDLLONGLINE,7,2127889917,True,
CDLLONGLINE,30000,2743153155,True,
CDLLONGLINE,2,272794049,True,
CDLLONGLINE,3,757246321,True,
CDLLONGLINE,7,3634499249,True,
CDLLONGLINE,30000,1645211331,True,
CDLLONGLINE,2,564829270,True,
CDLLONGLINE,3,483046118,True,
CDLLONGLINE,7,3913946406,True,
CDLLONGLINE,30000,4226648260,True,
CDLLONGLINE,2,2279444714,True,
CDLLONGLINE,3,3132996186,True,
CDLLONGLINE,7,1329405850,True,
CDLLONGLINE,30000,979589124,True,
CDLLONGLINE,2,1115336540,True,
CDLLONGLINE,3,2132445132,True,
CDLLONGLINE,7,2325357068,True,
CDLLONGLINE,30000,324551301,True,
CDLMARUBOZU,2,3996370931,True,
CDLMARUBOZU,3,3545493315,True,
CDLMARUBOZU,7,651380867,True,
CDLMARUBOZU,30000,1791821695,True,
CDLMARUBOZU,2,1212468551,True,
CDLMARUBOZU,3,1965352439,True,
CDLMARUBOZU,7,2158249015,True,
CDLMARUBOZU,30000,2873350463,True,
CDLMARUBOZU,2,2041370316,True,
CDLMARUBOZU,3,1154285660,True,
CDLMARUBOZU,7,2974570908,True,
CDLMARUBOZU,30000,849461056,True,
CDLMARUBOZU,2,3755728480,True,
CDLMARUBOZU,3,3803968720,True,
CDLMARUBOZU,7,389763856,True,
CDLMARUBOZU,30000,4079968640,True,
CDLMARUBOZU,2,444392422,True,
CDLMARUBOZU,3,656198486,True,
CDLMARUBOZU,7,3533466774,True,
CDLMARUBOZU,30000,3658773761,True,
CDLMATCHINGLOW,2,749783245,True,
CDLMATCHINGLOW,3,298902109,True,
CDLMATCHINGLOW,7,3830466461,True,
CDLMATCHINGLOW,30000,3420088306,True,
CDLMATCHINGLOW,2,2328347745,True,
CDLMATCHINGLOW,3,3081235153,True,
CDLMATCHINGLOW,7,1109871889,True,
CDLMATCHINGLOW,30000,173324594,True,
CDLMATCHINGLOW,2,3140475382,True,
CDLMATCHINGLOW,3,2253386054,True,
CDLMATCHINGLOW,7,1942967942,True,
CDLMATCHINGLOW,30000,2478235441,True,
CDLMATCHINGLOW,2,492360522,True,
CDLMATCHINGLOW,3,540605434,True,
CDLMATCHINGLOW,7,3585629754,True,
CDLMATCHINGLOW,30000,1379402225,True,
CDLMATCHINGLOW,2,3640650940,True,
CDLMATCHINGLOW,3,3852453484,True,
CDLMATCHINGLOW,7,270492588,True,
CDLMATCHINGLOW,30000,2063799664,True,
CDLMATHOLD,2,3986971157,True,
CDLMATHOLD,3,3502534821,True,
CDLMATHOLD,7,625268581,True,
CDLMATHOLD,30000,1178556069,True,
CDLMATHOLD,2,1272140457,True,
CDLMATHOLD,3,1991474201,True,
CDLMATHOLD,7,2201214425,True,
CDLMATHOLD,30000,2276559461,True,
CDLMATHOLD,2,2050705710,True,
CDLMATHOLD,3,1197171070,True,
CDLMATHOLD,7,3000748094,True,
CDLMATHOLD,30000,508817510,True,
CDLMATHOLD,2,3695985538,True,
CDLMATHOLD,3,3777784626,True,
CDLMATHOLD,7,346868978,True,
CDLMATHOLD,30000,3755815078,True,
CDLMATHOLD,2,434863620,True,
CDLMATHOLD,3,613110964,True,
CDLMATHOLD,7,3507221364,True,
CDLMATHOLD,30000,4142278179,True,
CDLMORNINGDOJISTAR,2,3210033423,True,
CDLMORNINGDOJISTAR,3,2184515999,True,
CDLMORNINGDOJISTAR,7,2008397919,True,
CDLMORNINGDOJISTAR,30000,1731682469,True,
CDLMORNINGDOJISTAR,2,421671835,True,
CDLMORNINGDOJISTAR,3,608312075,True,
CDLMORNINGDOJISTAR,7,3519200459,True,
CDLMORNINGDOJISTAR,30000,2797191269,True,
CDLMORNINGDOJISTAR,2,684337720,True,
CDLMORNINGDOJISTAR,3,363462792,True,
CDLMORNINGDOJISTAR,7,3760891720,True,
CDLMORNINGDOJISTAR,30000,1062984294,True,
CDLMORNINGDOJISTAR,2,2394759812,True,
CDLMORNINGDOJISTAR,3,3017608244,True,
CDLMORNINGDOJISTAR,7,1180544500,True,
CDLMORNINGDOJISTAR,30000,4275373734,True,
CDLMORNINGDOJISTAR,2,1260002562,True,
CDLMORNINGDOJISTAR,3,1987720626,True,
CDLMORNINGDOJISTAR,7,2214237298,True,
CDLMORNINGDOJISTAR,30000,3622704163,True,
CDLMORNINGSTAR,2,2402669366,True,
CDLMORNINGSTAR,3,2991979398,True,
CDLMORNINGSTAR,7,1205165638,True,
CDLMORNINGSTAR,30000,2016924090,True,
CDLMORNINGSTAR,2,692246922,True,
CDLMORNINGSTAR,3,337834298,True,
CDLMORNINGSTAR,7,3785512698,True,
CDLMORNINGSTAR,30000,3115913082,True,
CDLMORNINGSTAR,2,413844493,True,
CDLMORNINGSTAR,3,634055325,True,
CDLMORNINGSTAR,7,3494530397,True,
CDLMORNINGSTAR,30000,542861689,True,
CDLMORNINGSTAR,2,3202205857,True,
CDLMORNINGSTAR,3,2210259473,True,
CDLMORNINGSTAR,7,1983727569,True,
CDLMORNINGSTAR,30000,3788879801,True,
CDLMORNINGSTAR,2,2071656227,True,
CDLMORNINGSTAR,3,1176166291,True,
CDLMORNINGSTAR,7,3013245523,True,
CDLMORNINGSTAR,30000,3371082552,True,
CDLONNECK,2,2680295227,True,
CDLONNECK,3,2728536043,True,
CDLONNECK,7,1461879339,True,
CDLONNECK,30000,114318947,True,
CDLONNECK,2,968164847,True,
CDLONNECK,3,81079615,True,
CDLONNECK,7,4048915071,True,
CDLONNECK,30000,3344859811,True,
CDLONNECK,2,140320868,True,
CDLONNECK,3,893204180,True,
CDLONNECK,7,3233648916,True,
CDLONNECK,30000,1589437604,True,
CDLONNECK,2,2921993432,True,
CDLONNECK,3,2471116392,True,
CDLONNECK,7,1724554152,True,
CDLONNECK,30000,2670869604,True,
CDLONNECK,2,1804413774,True,
CDLONNECK,3,1458373598,True,
CDLONNECK,7,2741872158,True,
CDLONNECK,30000,3054055141,True,
CDLPIERCING,2,1874340608,True,
CDLPIERCING,3,1389888432,True,
CDLPIERCING,7,2807604848,True,
CDLPIERCING,30000,4248009014,True,
CDLPIERCING,2,3385794988,True,
CDLPIERCING,3,4105111804,True,
CDLPIERCING,7,19902140,True,
CDLPIERCING,30000,1019062262,True,
CDLPIERCING,2,4163320871,True,
CDLPIERCING,3,3309769367,True,
CDLPIERCING,7,818394455,True,
CDLPIERCING,30000,2774516213,True,
CDLPIERCING,2,1582313619,True,
CDLPIERCING,3,1664096803,True,
CDLPIERCING,7,2528165859,True,
CDLPIERCING,30000,1691426613,True,
CDLPIERCING,2,2616659729,True,
CDLPIERCING,3,2794923937,True,
CDLPIERCING,7,1394049633,True,
CDLPIERCING,30000,1307184052,True,
CDLRICKSHAWMAN,2,3694742319,True,
CDLRICKSHAWMAN,3,3780731775,True,
CDLRICKSHAWMAN,7,349816383,True,
CDLRICKSHAWMAN,30000,2374199262,True,
CDLRICKSHAWMAN,2,2051948923,True,
CDLRICKSHAWMAN,3,1194223915,True,
CDLRICKSHAWMAN,7,2997800683,True,
CDLRICKSHAWMAN,30000,1275967774,True,
CDLRICKSHAWMAN,2,1269193752,True,
CDLRICKSHAWMAN,3,1992716968,True,
CDLRICKSHAWMAN,7,2202457448,True,
CDLRICKSHAWMAN,30000,3589267229,True,
CDLRICKSHAWMAN,2,3989917860,True,
CDLRICKSHAWMAN,3,3501292052,True,
CDLRICKSHAWMAN,7,624025556,True,
CDLRICKSHAWMAN,30000,341901789,True,
CDLRICKSHAWMAN,2,678850338,True,
CDLRICKSHAWMAN,3,353781650,True,
CDLRICKSHAWMAN,7,3767984722,True,
CDLRICKSHAWMAN,30000,1029313884,True,
CDLRISEFALL3METHODS,2,2527103255,True,
CDLRISEFALL3METHODS,3,2881528231,True,
CDLRISEFALL3METHODS,7,1581254759,True,
CDLRISEFALL3METHODS,30000,1285831612,True,
CDLRISEFALL3METHODS,2,819430307,True,
CDLRISEFALL3METHODS,3,230140691,True,
CDLRISEFALL3METHODS,7,4164357331,True,
CDLRISEFALL3METHODS,30000,2368398588,True,
CDLRISEFALL3METHODS,2,20945456,True,
CDLRISEFALL3METHODS,3,1012904064,True,
CDLRISEFALL3METHODS,7,3386840896,True,
CDLRISEFALL3METHODS,30000,348685051,True,
CDLRISEFALL3METHODS,2,2806551164,True,
CDLRISEFALL3METHODS,3,2586360876,True,
CDLRISEFALL3METHODS,7,1873288684,True,
CDLRISEFALL3METHODS,30000,3578158523,True,
CDLRISEFALL3METHODS,2,1659874570,True,
CDLRISEFALL3METHODS,3,1603241402,True,
CDLRISEFALL3METHODS,7,2853119098,True,
CDLRISEFALL3METHODS,30000,4236069182,True,
CDLSEPARATINGLINES,2,4187988344,True,
CDLSEPARATINGLINES,3,3305081288,True,
CDLSEPARATINGLINES,7,830418952,True,
CDLSEPARATINGLINES,30000,2092165893,True,
CDLSEPARATINGLINES,2,1609083844,True,
CDLSEPARATINGLINES,3,1653113716,True,
CDLSEPARATINGLINES,7,2533893300,True,
CDLSEPARATINGLINES,30000,3174905285,True,
CDLSEPARATINGLINES,2,1845539407,True,
CDLSEPARATINGLINES,3,1398839519,True,
CDLSEPARATINGLINES,7,2799714079,True,
CDLSEPARATINGLINES,30000,618615750,True,
CDLSEPARATINGLINES,2,3363289819,True,
CDLSEPARATINGLINES,3,4111963211,True,
CDLSEPARATINGLINES,7,9909643,True,
CDLSEPARATINGLINES,30000,3847326982,True,
CDLSEPARATINGLINES,2,231769449,True,
CDLSEPARATINGLINES,3,816885209,True,
CDLSEPARATINGLINES,7,3308260377,True,
CDLSEPARATINGLINES,30000,3429538179,True,
CDLSHOOTINGSTAR,2,3541088450,True,
CDLSHOOTINGSTAR,3,4000354930,True,
CDLSHOOTINGSTAR,7,468727730,True,
CDLSHOOTINGSTAR,30000,2078932073,True,
CDLSHOOTINGSTAR,2,1969730670,True,
CDLSHOOTINGSTAR,3,1208457918,True,
CDLSHOOTINGSTAR,7,3179756798,True,
CDLSHOOTINGSTAR,30000,3127321769,True,
CDLSHOOTINGSTAR,2,1150265833,True,
CDLSHOOTINGSTAR,3,2045739353,True,
CDLSHOOTINGSTAR,7,2356094617,True,
CDLSHOOTINGSTAR,30000,595935914,True,
CDLSHOOTINGSTAR,2,3807945557,True,
CDLSHOOTINGSTAR,3,3751316453,True,
CDLSHOOTINGSTAR,7,706227749,True,
CDLSHOOTINGSTAR,30000,3792412266,True,
CDLSHOOTINGSTAR,2,660577487,True,
CDLSHOOTINGSTAR,3,440383071,True,
CDLSHOOTINGSTAR,7,4022277023,True,
CDLSHOOTINGSTAR,30000,3408955623,True,
CDLSHORTLINE,2,3837694572,True,
CDLSHORTLINE,3,3655252156,True,
CDLSHORTLINE,7,744365820,True,
CDLSHORTLINE,30000,4233471018,True,
CDLSHORTLINE,2,1120508608,True,
CDLSHORTLINE,3,2141828208,True,
CDLSHORTLINE,7,2317948336,True,
CDLSHORTLINE,30000,1037794538,True,
CDLSHORTLINE,2,1931575635,True,
CDLSHORTLINE,3,1312926179,True,
CDLSHORTLINE,7,3149991971,True,
CDLSHORTLINE,30000,2755205865,True,
CDLSHORTLINE,2,3579218919,True,
CDLSHORTLINE,3,3895894871,True,
CDLSHORTLINE,7,498467991,True,
CDLSHORTLINE,30000,1706542633,True,
CDLSHORTLINE,2,284276317,True,
CDLSHORTLINE,3,764517581,True,
CDLSHORTLINE,7,3625007885,True,
CDLSHORTLINE,30000,1284296872,True,
CDLSPINNINGTOP,2,880143407,True,
CDLSPINNINGTOP,3,152420991,True,
CDLSPINNINGTOP,7,4237649215,True,
CDLSPINNINGTOP,30000,2804169458,True,
CDLSPINNINGTOP,2,2449662075,True,
CDLSPINNINGTOP,3,2942487083,True,
CDLSPINNINGTOP,7,1524789227,True,
CDLSPINNINGTOP,30000,1722476082,True,
CDLSPINNINGTOP,2,2750085912,True,
CDLSPINNINGTOP,3,2659898280,True,
CDLSPINNINGTOP,7,1795847784,True,
CDLSPINNINGTOP,30000,4282942513,True,
CDLSPINNINGTOP,2,94237092,True,
CDLSPINNINGTOP,3,956160276,True,
CDLSPINNINGTOP,7,3447553748,True,
CDLSPINNINGTOP,30000,1053187313,True,
CDLSPINNINGTOP,2,3225079842,True,
CDLSPINNINGTOP,3,4250592914,True,
CDLSPINNINGTOP,7,148521298,True,
CDLSPINNINGTOP,30000,402475632,True,
CDLSTALLEDPATTERN,2,1349782900,True,
CDLSTALLEDPATTERN,3,1830036932,True,
CDLSTALLEDPATTERN,7,2559869956,True,
CDLSTALLEDPATTERN,30000,825485613,True,
CDLSTALLEDPATTERN,2,4127393736,True,
CDLSTALLEDPATTERN,3,3412275064,True,
CDLSTALLEDPATTERN,7,1055099064,True,
CDLSTALLEDPATTERN,30000,4038932461,True,
CDLSTALLEDPATTERN,2,3354074699,True,
CDLSTALLEDPATTERN,3,4203427035,True,
CDLSTALLEDPATTERN,7,252416795,True,
CDLSTALLEDPATTERN,30000,1767854574,True,
CDLSTALLEDPATTERN,2,1637619423,True,
CDLSTALLEDPATTERN,3,1560035407,True,
CDLSTALLEDPATTERN,7,2843515279,True,
CDLSTALLEDPATTERN,30000,2832305966,True,
CDLSTALLEDPATTERN,2,2755340645,True,
CDLSTALLEDPATTERN,3,2572878293,True,
CDLSTALLEDPATTERN,7,1826334741,True,
CDLSTALLEDPATTERN,30000,2179636139,True,
CDLSTICKSANDWICH,2,959098108,True,
CDLSTICKSANDWICH,3,71992748,True,
CDLSTICKSANDWICH,7,4056556652,True,
CDLSTICKSANDWICH,30000,1452709122,True,
CDLSTICKSANDWICH,2,2673715120,True,
CDLSTICKSANDWICH,3,2721943296,True,
CDLSTICKSANDWICH,7,1472014528,True,
CDLSTICKSANDWICH,30000,2534951874,True,
CDLSTICKSANDWICH,2,2931146275,True,
CDLSTICKSANDWICH,3,2480247955,True,
CDLSTICKSANDWICH,7,1716859731,True,
CDLSTICKSANDWICH,30000,251276737,True,
CDLSTICKSANDWICH,2,146978455,True,
CDLSTICKSANDWICH,3,899850279,True,
CDLSTICKSANDWICH,7,3223468519,True,
CDLSTICKSANDWICH,30000,3480548097,True,
CDLSTICKSANDWICH,2,3445983501,True,
CDLSTICKSANDWICH,3,4026900893,True,
CDLSTICKSANDWICH,7,92604509,True,
CDLSTICKSANDWICH,30000,3863996288,True,
CDLTAKURI,2,1106751098,True,
CDLTAKURI,3,2090304714,True,
CDLTAKURI,7,2299994890,True,
CDLTAKURI,30000,3069995966,True,
CDLTAKURI,2,3883968198,True,
CDLTAKURI,3,3672150134,True,
CDLTAKURI,7,794831286,True,
CDLTAKURI,30000,2004006142,True,
CDLTAKURI,2,3597188433,True,
CDLTAKURI,3,3943208417,True,
CDLTAKURI,7,512242721,True,
CDLTAKURI,30000,4002468605,True,
CDLTAKURI,2,1881126877,True,
CDLTAKURI,3,1300209485,True,
CDLTAKURI,7,3103733901,True,
CDLTAKURI,30000,790498749,True,
CDLTAKURI,2,3048770151,True,
CDLTAKURI,3,2295898327,True,
CDLTAKURI,7,2102920983,True,
CDLTAKURI,30000,103094588,True,
CDLTASUKIGAP,2,871566528,True,
CDLTASUKIGAP,3,244524656,True,
CDLTASUKIGAP,7,4212360112,True,
CDLTASUKIGAP,30000,3337496697,True,
CDLTASUKIGAP,2,2508458092,True,
CDLTASUKIGAP,3,2833526460,True,
CDLTASUKIGAP,7,1566869756,True,
CDLTASUKIGAP,30000,123795641,True,
CDLTASUKIGAP,2,2758548967,True,
CDLTASUKIGAP,3,2567714135,True,
CDLTASUKIGAP,7,1821151895,True,
CDLTASUKIGAP,30000,2659360442,True,
CDLTASUKIGAP,2,35329875,True,
CDLTASUKIGAP,3,1065041891,True,
CDLTASUKIGAP,7,3405486627,True,
CDLTASUKIGAP,30000,1594638970,True,
CDLTASUKIGAP,2,3350997201,True,
CDLTASUKIGAP,3,4208722529,True,
CDLTASUKIGAP,7,257730465,True,
CDLTASUKIGAP,30000,1983337719,True,
CDLTHRUSTING,2,1075585120,True,
CDLTHRUSTING,3,2105292496,True,
CDLTHRUSTING,7,2298253584,True,
CDLTHRUSTING,30000,2232413426,True,
CDLTHRUSTING,2,3865777356,True,
CDLTHRUSTING,3,3674947164,True,
CDLTHRUSTING,7,780901276,True,
CDLTHRUSTING,30000,1149318194,True,
CDLTHRUSTING,2,3615690567,True,
CDLTHRUSTING,3,3940755447,True,
CDLTHRUSTING,7,526615095,True,
CDLTHRUSTING,30000,3714274865,True,
CDLTHRUSTING,2,1911817715,True,
CDLTHRUSTING,3,1284779331,True,
CDLTHRUSTING,7,3105131139,True,
CDLTHRUSTING,30000,485329649,True,
CDLTHRUSTING,2,3025353841,True,
CDLTHRUSTING,3,2301825729,True,
CDLTHRUSTING,7,2092152065,True,
CDLTHRUSTING,30000,903258224,True,
CDLTRISTAR,2,3962942746,True,
CDLTRISTAR,3,3512049066,True,
CDLTRISTAR,7,617954410,True,
CDLTRISTAR,30000,3481693857,True,
CDLTRISTAR,2,1245888422,True,
CDLTRISTAR,3,1998755606,True,
CDLTRISTAR,7,2191667414,True,
CDLTRISTAR,30000,235450977,True,
CDLTRISTAR,2,2074781233,True,
CDLTRISTAR,3,1187679361,True,
CDLTRISTAR,7,3007982401,True,
CDLTRISTAR,30000,2548750434,True,
CDLTRISTAR,2,3722292861,True,
CDLTRISTAR,3,3770517549,True,
CDLTRISTAR,7,356327917,True,
CDLTRISTAR,30000,1449396386,True,
CDLTRISTAR,2,410685703,True,
CDLTRISTAR,3,622508471,True,
CDLTRISTAR,7,3499761783,True,
CDLTRISTAR,30000,2136940063,True,
CDLUNIQUE3RIVER,2,980287974,True,
CDLUNIQUE3RIVER,3,118368598,True,
CDLUNIQUE3RIVER,7,4069428886,True,
CDLUNIQUE3RIVER,30000,870850766,True,
CDLUNIQUE3RIVER,2,2618887002,True,
CDLUNIQUE3RIVER,3,2709070826,True,
CDLUNIQUE3RIVER,7,1425638954,True,
CDLUNIQUE3RIVER,30000,4066836494,True,
CDLUNIQUE3RIVER,2,2918256829,True,
CDLUNIQUE3RIVER,3,2425436781,True,
CDLUNIQUE3RIVER,7,1695653805,True,
CDLUNIQUE3RIVER,30000,1803852301,True,
CDLUNIQUE3RIVER,2,193338481,True,
CDLUNIQUE3RIVER,3,921055937,True,
CDLUNIQUE3RIVER,7,3278279937,True,
CDLUNIQUE3RIVER,30000,2852800205,True,
CDLUNIQUE3RIVER,2,3458278899,True,
CDLUNIQUE3RIVER,3,4081126723,True,
CDLUNIQUE3RIVER,7,113355395,True,
CDLUNIQUE3RIVER,30000,2201048140,True,
CDLUPSIDEGAP2CROWS,2,3723676089,True,
CDLUPSIDEGAP2CROWS,3,3767722249,True,
CDLUPSIDEGAP2CROWS,7,353519305,True,
CDLUPSIDEGAP2CROWS,30000,3005066097,True,
CDLUPSIDEGAP2CROWS,2,2072363781,True,
CDLUPSIDEGAP2CROWS,3,1189473205,True,
CDLUPSIDEGAP2CROWS,7,3009760885,True,
CDLUPSIDEGAP2CROWS,30000,1922266545,True,
CDLUPSIDEGAP2CROWS,2,1248712850,True,
CDLUPSIDEGAP2CROWS,3,1997402658,True,
CDLUPSIDEGAP2CROWS,7,2190301154,True,
CDLUPSIDEGAP2CROWS,30000,3950056370,True,
CDLUPSIDEGAP2CROWS,2,3961181214,True,
CDLUPSIDEGAP2CROWS,3,3514497678,True,
CDLUPSIDEGAP2CROWS,7,620387662,True,
CDLUPSIDEGAP2CROWS,30000,721407346,True,
CDLUPSIDEGAP2CROWS,2,700313000,True,
CDLUPSIDEGAP2CROWS,3,350078232,True,
CDLUPSIDEGAP2CROWS,7,3780993752,True,
CDLUPSIDEGAP2CROWS,30000,63232495,True,
CDLXSIDEGAP3METHODS,2,2472685930,True,
CDLXSIDEGAP3METHODS,3,2919373274,True,
CDLXSIDEGAP3METHODS,7,1535295514,True,
CDLXSIDEGAP3METHODS,30000,2009455443,True,
CDLXSIDEGAP3METHODS,2,890584022,True,
CDLXSIDEGAP3METHODS,3,141890406,True,
CDLXSIDEGAP3METHODS,7,4260738214,True,
CDLXSIDEGAP3METHODS,30000,3058369939,True,
CDLXSIDEGAP3METHODS,2,83698241,True,
CDLXSIDEGAP3METHODS,3,966592753,True,
CDLXSIDEGAP3METHODS,7,3424497457,True,
CDLXSIDEGAP3METHODS,30000,799630228,True,
CDLXSIDEGAP3METHODS,2,2726963949,True,
CDLXSIDEGAP3METHODS,3,2682913853,True,
CDLXSIDEGAP3METHODS,7,1785374077,True,
CDLXSIDEGAP3METHODS,30000,3995581780,True,
CDLXSIDEGAP3METHODS,2,1731007863,True,
CDLXSIDEGAP3METHODS,3,1515011527,True,
CDLXSIDEGAP3METHODS,7,2949487623,True,
CDLXSIDEGAP3METHODS,30000,3340544469,True,
CEIL,2,3956231663,True,
CEIL,3,3601818943,True,
CEIL,7,590332543,True,
CEIL,30000,81427791,True,
CEIL,2,1303922491,True,
CEIL,3,1893232619,True,
CEIL,7,2237188651,True,
CEIL,30000,3310658447,True,
CEIL,2,2085641432,True,
CEIL,3,1093695080,True,
CEIL,7,3031487400,True,
CEIL,30000,1555482000,True,
CEIL,2,3660011620,True,
CEIL,3,3880222420,True,
CEIL,7,315087124,True,
CEIL,30000,2637699920,True,
CEIL,2,528509410,True,
CEIL,3,585122130,True,
CEIL,7,3613451922,True,
CEIL,30000,3020099537,True,
CMO,2,1689454982,True,
CMO,3,1507008822,True,
CMO,7,2891155190,True,
CMO,30000,3197649348,True,
CMO,2,3267625786,True,
CMO,3,4288949130,True,
CMO,7,170167882,True,
CMO,30000,2132188932,True,
CMO,2,4079753373,True,
CMO,3,3461100045,True,
CMO,7,1003263949,True,
CMO,30000,3874814211,True,
CMO,2,1432032273,True,
CMO,3,1748712097,True,
CMO,7,2646318433,True,
CMO,30000,662316995,True,
CMO,2,2432445843,True,
CMO,3,2912683299,True,
CMO,7,1478271715,True,
CMO,30000,239153990,True,
CORREL,2,3972592824,True,
CORREL,3,3517505032,True,
CORREL,7,606632904,True,
CORREL,30000,4184649235,True,
CORREL,2,1254096900,True,
CORREL,3,2011158196,True,
CORREL,7,2187293044,True,
CORREL,30000,954364627,True,
CORREL,2,2069357967,True,
CORREL,3,1178062111,True,
CORREL,7,3015142111,True,
CORREL,30000,2701137108,True,
CORREL,2,3709923099,True,
CORREL,3,3762341771,True,
CORREL,7,364929611,True,
CORREL,30000,1619971092,True,
CORREL,2,411553961,True,
CORREL,3,635959833,True,
CORREL,7,3496435673,True,
CORREL,30000,1236655765,True,
COS,2,716335310,True,
COS,3,399655518,True,
COS,7,3797084062,True,
COS,30000,1900780352,True,
COS,2,2361746530,True,
COS,3,2980399826,True,
COS,7,1143336210,True,
COS,30000,2965718400,True,
COS,2,3173874165,True,
COS,3,2152550725,True,
COS,7,1976432261,True,
COS,30000,690430847,True,
COS,2,458912585,True,
COS,3,641358841,True,
COS,7,3552247353,True,
COS,30000,3903454527,True,
COS,2,3741142203,True,
COS,3,3818743403,True,
COS,7,371049387,True,
COS,30000,3247630786,True,
COSH,2,1677743704,True,
COSH,3,1499495656,True,
COSH,7,2900417320,True,
COSH,30000,401182238,True,
COSH,2,3262602980,True,
COSH,3,4279728212,True,
COSH,7,177721748,True,
COSH,30000,3597095646,True,
COSH,2,4087301487,True,
COSH,3,3472846271,True,
COSH,7,998231039,True,
COSH,30000,1334129885,True,
COSH,2,1441288123,True,
COSH,3,1753769835,True,
COSH,7,2634596523,True,
COSH,30000,2383146013,True,
COSH,2,2421125705,True,
COSH,3,2905561337,True,
COSH,7,1487929145,True,
COSH,30000,2805005980,True,
DEMA,2,1744036945,True,
DEMA,3,1519635169,True,
DEMA,7,2937285921,True,
DEMA,30000,2812505151,True,
DEMA,2,3246713053,True,
DEMA,3,4242850381,True,
DEMA,7,157575053,True,
DEMA,30000,1714271359,True,
DEMA,2,4033672058,True,
DEMA,3,3440171978,True,
DEMA,7,948731402,True,
DEMA,30000,4291809920,True,
DEMA,2,1444673990,True,
DEMA,3,1803276662,True,
DEMA,7,2667280054,True,
DEMA,30000,1044450880,True,
DEMA,2,2478622784,True,
DEMA,3,2933714672,True,
DEMA,7,1532774704,True,
DEMA,30000,393877697,True,
DIV,2,1140869459,True,
DIV,3,2036359651,True,
DIV,7,2363541539,True,
DIV,30000,262630901,True,
DIV,2,3799466983,True,
DIV,3,3742853975,True,
DIV,7,714591383,True,
DIV,30000,3458839349,True,
DIV,2,3550435948,True,
DIV,3,4009717948,True,
DIV,7,461362940,True,
DIV,30000,1472976182,True,
DIV,2,1978159808,True,
DIV,3,1216904304,True,
DIV,7,3171474864,True,
DIV,30000,2521107446,True,
DIV,2,2957995334,True,
DIV,3,2368685558,True,
DIV,7,2024793142,True,
DIV,30000,3212713843,True,
DX,2,2543889288,True,
DX,3,2864743224,True,
DX,7,1598039288,True,
DX,30000,72644138,True,
DX,2,836215092,True,
DX,3,213354884,True,
DX,7,4181143620,True,
DX,30000,3319442154,True,
DX,2,4176543,True,
DX,3,1029673999,True,
DX,7,3370071503,True,
DX,30000,1547226345,True,
DX,2,2789782027,True,
DX,3,2603128987,True,
DX,7,1856520027,True,
DX,30000,2645955625,True,
DX,2,1676644249,True,
DX,3,1586472745,True,
DX,7,2869887209,True,
DX,30000,3029141160,True,
EMA,2,1153702229,True,
EMA,3,2040803813,True,
EMA,7,2351208485,True,
EMA,30000,1719966086,True,
EMA,2,3803386857,True,
EMA,3,3755162457,True,
EMA,7,710122649,True,
EMA,30000,2802468678,True,
EMA,2,3545959022,True,
EMA,3,3996852414,True,
EMA,7,465274622,True,
EMA,30000,1055400261,True,
EMA,2,1965818562,True,
EMA,3,1212951666,True,
EMA,7,3184299442,True,
EMA,30000,4284940165,True,
EMA,2,2961915204,True,
EMA,3,2380994036,True,
EMA,7,2020324404,True,
EMA,30000,3596479236,True,
EXP,2,1056441535,True,
EXP,3,60305007,True,
EXP,7,4128803759,True,
EXP,30000,3976508624,True,
EXP,2,2559512683,True,
EXP,3,2783913659,True,
EXP,7,1349484795,True,
EXP,30000,747269136,True,
EXP,2,2842105320,True,
EXP,3,2483502424,True,
EXP,7,1636276888,True,
EXP,30000,3043495439,True,
EXP,2,252714836,True,
EXP,3,846215140,True,
EXP,7,3354432036,True,
EXP,30000,1961284303,True,
EXP,2,3400999122,True,
EXP,3,4158065250,True,
EXP,7,39301026,True,
EXP,30000,1574815826,True,
FLOOR,2,2065804857,True,
FLOOR,3,1178698889,True,
FLOOR,7,3015779145,True,
FLOOR,30000,2218454955,True,
FLOOR,2,3713443461,True,
FLOOR,3,3761672245,True,
FLOOR,7,364259829,True,
FLOOR,30000,1169437035,True,
FLOOR,2,3971923218,True,
FLOOR,3,3521025442,True,
FLOOR,7,610153570,True,
FLOOR,30000,3696645996,True,
FLOOR,2,1254733726,True,
FLOOR,3,2007605006,True,
FLOOR,7,2183739598,True,
FLOOR,30000,500730284,True,
FLOOR,2,2406386216,True,
FLOOR,3,2987303064,True,
FLOOR,7,1200490328,True,
FLOOR,30000,887332141,True,
HT_DCPERIOD,2,2427004199,True,
HT_DCPERIOD,3,2915634583,True,
HT_DCPERIOD,7,1481223255,True,
HT_DCPERIOD,30000,1414298131,True,
HT_DCPERIOD,2,920530835,True,
HT_DCPERIOD,3,197003043,True,
HT_DCPERIOD,7,4265517283,True,
HT_DCPERIOD,30000,2512561875,True,
HT_DCPERIOD,2,120993280,True,
HT_DCPERIOD,3,978721968,True,
HT_DCPERIOD,7,3486956400,True,
HT_DCPERIOD,30000,203473108,True,
HT_DCPERIOD,2,2705407660,True,
HT_DCPERIOD,3,2619414524,True,
HT_DCPERIOD,7,1772204476,True,
HT_DCPERIOD,30000,3450740756,True,
HT_DCPERIOD,2,1692795194,True,
HT_DCPERIOD,3,1501964682,True,
HT_DCPERIOD,7,2886111306,True,
HT_DCPERIOD,30000,3834972821,True,
HT_DCPHASE,2,213935628,True,
HT_DCPHASE,3,832588956,True,
HT_DCPHASE,7,3290491740,True,
HT_DCPHASE,30000,1792258573,True,
HT_DCPHASE,2,2864148128,True,
HT_DCPHASE,3,2547468304,True,
HT_DCPHASE,7,1649926608,True,
HT_DCPHASE,30000,2875027149,True,
HT_DCPHASE,2,2606724403,True,
HT_DCPHASE,3,2789170563,True,
HT_DCPHASE,7,1405090883,True,
HT_DCPHASE,30000,851380430,True,
HT_DCPHASE,2,1026064263,True,
HT_DCPHASE,3,4740919,True,
HT_DCPHASE,7,4123586807,True,
HT_DCPHASE,30000,4080130062,True,
HT_DCPHASE,2,4170138109,True,
HT_DCPHASE,3,3320801453,True,
HT_DCPHASE,7,812633965,True,
HT_DCPHASE,30000,3658138251,True,
HT_PHASOR,2,658179043,True,
HT_PHASOR,3,442182483,True,
HT_PHASOR,7,4024142995,True,
HT_PHASOR,30000,2249432726,True,
HT_PHASOR,2,2169243991,True,
HT_PHASOR,3,3157008871,True,
HT_PHASOR,7,1236043815,True,
HT_PHASOR,30000,1201488470,True,
HT_PHASOR,2,2963542716,True,
HT_PHASOR,3,2378447980,True,
HT_PHASOR,7,2017762732,True,
HT_PHASOR,30000,3732875349,True,
HT_PHASOR,2,382933616,True,
HT_PHASOR,3,733163712,True,
HT_PHASOR,7,3727922944,True,
HT_PHASOR,30000,535951509,True,
HT_PHASOR,2,3547604982,True,
HT_PHASOR,3,3994292038,True,
HT_PHASOR,7,462727302,True,
HT_PHASOR,30000,919268884,True,
HT_SINE,2,446385240,True,
HT_SINE,3,670786280,True,
HT_SINE,7,3531326760,True,
HT_SINE,30000,609815726,True,
HT_SINE,2,3169599716,True,
HT_SINE,3,2173463124,True,
HT_SINE,7,1946996628,True,
HT_SINE,30000,3856127086,True,
HT_SINE,2,2365873007,True,
HT_SINE,3,2959373247,True,
HT_SINE,7,1172624895,True,
HT_SINE,30000,2083894893,True,
HT_SINE,2,728977851,True,
HT_SINE,3,370375019,True,
HT_SINE,7,3818118827,True,
HT_SINE,30000,3183176365,True,
HT_SINE,2,4006899785,True,
HT_SINE,3,3551807225,True,
HT_SINE,7,640999737,True,
HT_SINE,30000,2491449388,True,
HT_TRENDLINE,2,2900508424,True,
HT_TRENDLINE,3,2441222072,True,
HT_TRENDLINE,7,1677898360,True,
HT_TRENDLINE,30000,1636924839,True,
HT_TRENDLINE,2,177550772,True,
HT_TRENDLINE,3,938810628,True,
HT_TRENDLINE,7,3262495428,True,
HT_TRENDLINE,30000,2686428007,True,
HT_TRENDLINE,2,998060063,True,
HT_TRENDLINE,3,102565519,True,
HT_TRENDLINE,7,4087193935,True,
HT_TRENDLINE,30000,972932456,True,
HT_TRENDLINE,2,2634687627,True,
HT_TRENDLINE,3,2691304987,True,
HT_TRENDLINE,7,1441442779,True,
HT_TRENDLINE,30000,4168293288,True,
HT_TRENDLINE,2,1487739673,True,
HT_TRENDLINE,3,1707946921,True,
HT_TRENDLINE,7,2421003881,True,
HT_TRENDLINE,30000,3511160617,True,
HT_TRENDMODE,2,3369085155,True,
HT_TRENDMODE,3,4121952851,True,
HT_TRENDMODE,7,3188627,True,
HT_TRENDMODE,30000,1060430671,True,
HT_TRENDMODE,2,1856447575,True,
HT_TRENDMODE,3,1405553383,True,
HT_TRENDMODE,7,2789715239,True,
HT_TRENDMODE,30000,4273618319,True,
HT_TRENDMODE,2,1599027644,True,
HT_TRENDMODE,3,1647251820,True,
HT_TRENDMODE,7,2544875180,True,
HT_TRENDMODE,30000,1733843856,True,
HT_TRENDMODE,2,4181209968,True,
HT_TRENDMODE,3,3294108608,True,
HT_TRENDMODE,7,836288000,True,
HT_TRENDMODE,30000,2799076688,True,
HT_TRENDMODE,2,1017056502,True,
HT_TRENDMODE,3,33498694,True,
HT_TRENDMODE,7,4101997446,True,
HT_TRENDMODE,30000,2414711249,True,
KAMA,2,2780696480,True,
KAMA,3,2564695824,True,
KAMA,7,1834909904,True,
KAMA,30000,2738186776,True,
KAMA,2,63505676,True,
KAMA,3,1051274652,True,
KAMA,7,3408497756,True,
KAMA,30000,1656469208,True,
KAMA,2,841031303,True,
KAMA,3,255932471,True,
KAMA,7,4206989815,True,
KAMA,30000,4216967383,True,
KAMA,2,2488669747,True,
KAMA,3,2838903939,True,
KAMA,7,1555471171,True,
KAMA,30000,987172887,True,
KAMA,2,1374759857,True,
KAMA,3,1821442817,True,
KAMA,7,2568070337,True,
KAMA,30000,334240410,True,
LINEARREG,2,1748906896,True,
LINEARREG,3,1432230688,True,
LINEARREG,7,2698951904,True,
LINEARREG,30000,2688134153,True,
LINEARREG,2,3460905244,True,
LINEARREG,3,4079554956,True,
LINEARREG,7,111786060,True,
LINEARREG,30000,1639412937,True,
LINEARREG,2,4288750263,True,
LINEARREG,3,3267431431,True,
LINEARREG,7,927051207,True,
LINEARREG,30000,4166324938,True,
LINEARREG,2,1507207683,True,
LINEARREG,3,1689649331,True,
LINEARREG,7,2436278131,True,
LINEARREG,30000,970706442,True,
LINEARREG,2,2624657281,True,
LINEARREG,3,2702262065,True,
LINEARREG,7,1418828017,True,
LINEARREG,30000,283170951,True,
LINEARREG_ANGLE,2,3083333417,True,
LINEARREG_ANGLE,3,2326251417,True,
LINEARREG_ANGLE,7,2133287513,True,
LINEARREG_ANGLE,30000,1007243842,True,
LINEARREG_ANGLE,2,296805781,True,
LINEARREG_ANGLE,3,751881509,True,
LINEARREG_ANGLE,7,3645926117,True,
LINEARREG_ANGLE,30000,4253519490,True,
LINEARREG_ANGLE,2,542703618,True,
LINEARREG_ANGLE,3,490264242,True,
LINEARREG_ANGLE,7,3904401778,True,
LINEARREG_ANGLE,30000,1684400257,True,
LINEARREG_ANGLE,2,2251289774,True,
LINEARREG_ANGLE,3,3142573566,True,
LINEARREG_ANGLE,7,1322220478,True,
LINEARREG_ANGLE,30000,2783656001,True,
LINEARREG_ANGLE,2,1133038392,True,
LINEARREG_ANGLE,3,2129191816,True,
LINEARREG_ANGLE,7,2338866760,True,
LINEARREG_ANGLE,30000,2362450624,True,
LINEARREG_INTERCEPT,2,1794041310,True,
LINEARREG_INTERCEPT,3,1468976462,True,
LINEARREG_INTERCEPT,7,2718853774,True,
LINEARREG_INTERCEPT,30000,140491258,True,
LINEARREG_INTERCEPT,2,3432640338,True,
LINEARREG_INTERCEPT,3,4059678690,True,
LINEARREG_INTERCEPT,7,75063842,True,
LINEARREG_INTERCEPT,30000,3385943866,True,
LINEARREG_INTERCEPT,2,4252103877,True,
LINEARREG_INTERCEPT,3,3222396533,True,
LINEARREG_INTERCEPT,7,898726837,True,
LINEARREG_INTERCEPT,30000,1345519929,True,
LINEARREG_INTERCEPT,2,1527185529,True,
LINEARREG_INTERCEPT,3,1718015689,True,
LINEARREG_INTERCEPT,7,2481352969,True,
LINEARREG_INTERCEPT,30000,2445139961,True,
LINEARREG_INTERCEPT,2,2661401067,True,
LINEARREG_INTERCEPT,3,2747394363,True,
LINEARREG_INTERCEPT,7,1447120507,True,
LINEARREG_INTERCEPT,30000,3095841656,True,
LINEARREG_SLOPE,2,150397950,True,
LINEARREG_SLOPE,3,899074734,True,
LINEARREG_SLOPE,7,3222695278,True,
LINEARREG_SLOPE,30000,4211744083,True,
LINEARREG_SLOPE,2,2927749298,True,
LINEARREG_SLOPE,3,2481046018,True,
LINEARREG_SLOPE,7,1717659586,True,
LINEARREG_SLOPE,30000,981779347,True,
LINEARREG_SLOPE,2,2674520869,True,
LINEARREG_SLOPE,3,2718555029,True,
LINEARREG_SLOPE,7,1468628565,True,
LINEARREG_SLOPE,30000,2741413268,True,
LINEARREG_SLOPE,2,958331289,True,
LINEARREG_SLOPE,3,75419945,True,
LINEARREG_SLOPE,7,4059985641,True,
LINEARREG_SLOPE,30000,1659403092,True,
LINEARREG_SLOPE,2,4240033803,True,
LINEARREG_SLOPE,3,3252285083,True,
LINEARREG_SLOPE,7,878266715,True,
LINEARREG_SLOPE,30000,1272147925,True,
LN,2,1538117757,True,
LN,3,1724774957,True,
LN,7,2471321581,True,
LN,30000,602870553,True,
LN,2,4258978865,True,
LN,3,3233477249,True,
LN,7,893015361,True,
LN,30000,3798060505,True,
LN,2,3425878438,True,
LN,3,4048742678,True,
LN,7,80891606,True,
LN,30000,2072226778,True,
LN,2,1782958874,True,
LN,3,1462100906,True,
LN,7,2728740458,True,
LN,30000,3121444122,True,
LN,2,2950886540,True,
LN,3,2458050076,True,
LN,7,1728216028,True,
LN,30000,2469814679,True,
LOG10,2,372696223,True,
LOG10,3,727109135,True,
LOG10,7,3738594255,True,
LOG10,30000,520929863,True,
LOG10,2,2957111307,True,
LOG10,3,2367800987,True,
LOG10,7,2023842139,True,
LOG10,30000,3733069447,True,
LOG10,2,2175399304,True,
LOG10,3,3167345976,True,
LOG10,7,1229552376,True,
LOG10,30000,1197504648,True,
LOG10,2,668925748,True,
LOG10,3,448714628,True,
LOG10,7,4013847108,True,
LOG10,30000,2263787592,True,
LOG10,2,3799630002,True,
LOG10,3,3743017474,True,
LOG10,7,714690498,True,
LOG10,30000,2950017737,True,
MA,2,1809216872,True,
MA,3,1454792152,True,
MA,7,2738289688,True,
MA,30000,2576361304,True,
MA,2,3449913300,True,
MA,3,4039202660,True,
MA,7,88207524,True,
MA,30000,1478424984,True,
MA,2,4232668735,True,
MA,3,3240709359,True,
MA,7,883551023,True,
MA,30000,3254558615,True,
MA,2,1514041067,True,
MA,3,1734232123,True,
MA,7,2464080251,True,
MA,30000,7487831,True,
MA,2,2677625209,True,
MA,3,2734258633,True,
MA,7,1467605001,True,
MA,30000,692671962,True,
MACD,2,517857204,True,
MACD,3,599652100,True,
MACD,7,3594342596,True,
MACD,30000,638642021,True,
MACD,2,3098203400,True,
MACD,3,2244672952,True,
MACD,7,1883921528,True,
MACD,30000,3885906341,True,
MACD,2,2302856843,True,
MACD,3,3022186523,True,
MACD,7,1101152731,True,
MACD,30000,2122080166,True,
MACD,2,792053279,True,
MACD,3,307621007,True,
MACD,7,3889515343,True,
MACD,30000,3220341094,True,
MACD,2,3935501221,True,
MACD,3,3623015189,True,
MACD,7,577926357,True,
MACD,30000,2529793507,True,
MACDEXT,2,102861274,True,
MACDEXT,3,994156906,True,
MACDEXT,7,3468756650,True,
MACDEXT,30000,4211682123,True,
MACDEXT,2,2690024294,True,
MACDEXT,3,2637605846,True,
MACDEXT,7,1756761622,True,
MACDEXT,30000,981988747,True,
MACDEXT,2,2445187313,True,
MACDEXT,3,2900275777,True,
MACDEXT,7,1499338625,True,
MACDEXT,30000,2741343116,True,
MACDEXT,2,935957565,True,
MACDEXT,3,178895597,True,
MACDEXT,7,4280884525,True,
MACDEXT,30000,1659587916,True,
MACDEXT,2,4067339719,True,
MACDEXT,3,3473835383,True,
MACDEXT,7,982393527,True,
MACDEXT,30000,1271945677,True,
MACDFIX,2,2979788567,True,
MACDFIX,3,2365317031,True,
MACDFIX,7,2038135399,True,
MACDFIX,30000,2339579075,True,
MACDFIX,2,401407395,True,
MACDFIX,3,713872659,True,
MACDFIX,7,3742134995,True,
MACDFIX,30000,1258159107,True,
MACDFIX,2,637855792,True,
MACDFIX,3,459591296,True,
MACDFIX,7,4007946560,True,
MACDFIX,30000,3542064644,True,
MACDFIX,2,2155080828,True,
MACDFIX,3,3172189740,True,
MACDFIX,7,1217618924,True,
MACDFIX,30000,311509700,True,
MACDFIX,2,1171575562,True,
MACDFIX,3,2025126842,True,
MACDFIX,7,2369019514,True,
MACDFIX,30000,1001019461,True,
MAMA,2,1250143040,True,
MAMA,3,2011399152,True,
MAMA,7,2187535920,True,
MAMA,30000,4037279988,True,
MAMA,2,3975455212,True,
MAMA,3,3516172604,True,
MAMA,7,605302396,True,
MAMA,30000,824893492,True,
MAMA,2,3709647975,True,
MAMA,3,3766260439,True,
MAMA,7,368850199,True,
MAMA,30000,2831727155,True,
MAMA,2,2070655187,True,
MAMA,3,1175165539,True,
MAMA,7,3012247459,True,
MAMA,30000,1766221555,True,
MAMA,2,3201077073,True,
MAMA,3,2209130465,True,
MAMA,7,1982595617,True,
MAMA,30000,1081963638,True,
MAVP,2,779519843,True,
MAVP,3,320253907,True,
MAVP,7,3868592659,True,
MAVP,30000,2965338402,True,
MAVP,2,2281803223,True,
MAVP,3,3043075431,True,
MAVP,7,1088488103,True,
MAVP,30000,1899079650,True,
MAVP,2,3119093820,True,
MAVP,3,2223619820,True,
MAVP,7,1896421676,True,
MAVP,30000,3906191841,True,
MAVP,2,530488560,True,
MAVP,3,587118144,True,
MAVP,7,3615363968,True,
MAVP,30000,693968673,True,
MAVP,2,3661210486,True,
MAVP,3,3881405382,True,
MAVP,7,316222982,True,
MAVP,30000,6687648,True,
MAX,2,3831033270,True,
MAX,3,3644376326,True,
MAX,7,750281414,True,
MAX,30000,2959763726,True,
MAX,2,1110435594,True,
MAX,3,2135936954,True,
MAX,7,2328849018,True,
MAX,30000,1910814670,True,
MAX,2,1942486157,True,
MAX,3,1319622173,True,
MAX,7,3139924957,True,
MAX,30000,3892761037,True,
MAX,2,3585144865,True,
MAX,3,3906002577,True,
MAX,7,491813201,True,
MAX,30000,696782605,True,
MAX,2,269994403,True,
MAX,3,762831123,True,
MAX,7,3640084179,True,
MAX,30000,11737996,True,
MAXINDEX,2,3001989064,True,
MAXINDEX,3,2408488824,True,
MAXINDEX,7,2047752376,True,
MAXINDEX,30000,2944582085,True,
MAXINDEX,2,345619828,True,
MAXINDEX,3,704222660,True,
MAXINDEX,7,3698930692,True,
MAXINDEX,30000,1846288133,True,
MAXINDEX,2,628205279,True,
MAXINDEX,3,403804239,True,
MAXINDEX,7,3985713551,True,
MAXINDEX,30000,4159600902,True,
MAXINDEX,2,2198253131,True,
MAXINDEX,3,3194389723,True,
MAXINDEX,7,1273373467,True,
MAXINDEX,30000,912304070,True,
MAXINDEX,2,1184994265,True,
MAXINDEX,3,2076293993,True,
MAXINDEX,7,2386631849,True,
MAXINDEX,30000,526103363,True,
MEDPRICE,2,3578850241,True,
MEDPRICE,3,3895509873,True,
MEDPRICE,7,498099377,True,
MEDPRICE,30000,3031819981,True,
MEDPRICE,2,1931993453,True,
MEDPRICE,3,1313327549,True,
MEDPRICE,7,3150409725,True,
MEDPRICE,30000,1966815757,True,
MEDPRICE,2,1120926442,True,
MEDPRICE,3,2142229594,True,
MEDPRICE,7,2318366106,True,
MEDPRICE,30000,3973668878,True,
MEDPRICE,2,3837325910,True,
MEDPRICE,3,3654867174,True,
MEDPRICE,7,743997222,True,
MEDPRICE,30000,760709326,True,
MEDPRICE,2,555732944,True,
MEDPRICE,3,478144352,True,
MEDPRICE,7,3925819552,True,
MEDPRICE,30000,74225227,True,
MFI,2,3175063787,True,
MFI,3,2153744955,True,
MFI,7,1977560955,True,
MFI,30000,3157704071,True,
MFI,2,457747519,True,
MFI,3,640189167,True,
MFI,7,3551012143,True,
MFI,30000,2109236039,True,
MFI,2,715174356,True,
MFI,3,398498148,True,
MFI,7,3795861156,True,
MFI,30000,3831104840,True,
MFI,2,2362948456,True,
MFI,3,2981598168,True,
MFI,7,1144469016,True,
MFI,30000,634706824,True,
MFI,2,1232110814,True,
MFI,3,1947250254,True,
MFI,7,2173701006,True,
MFI,30000,217042697,True,
MIDPOINT,2,1280799661,True,
MIDPOINT,3,1899453181,True,
MIDPOINT,7,2226650301,True,
MIDPOINT,30000,1702528625,True,
MIDPOINT,2,3927996673,True,
MIDPOINT,3,3611316657,True,
MIDPOINT,7,583071857,True,
MIDPOINT,30000,2767477425,True,
MIDPOINT,2,3687342742,True,
MIDPOINT,3,3869789222,True,
MIDPOINT,7,321449446,True,
MIDPOINT,30000,1024867506,True,
MIDPOINT,2,2109696554,True,
MIDPOINT,3,1088372890,True,
MIDPOINT,7,3042961242,True,
MIDPOINT,30000,4237878386,True,
MIDPOINT,2,3088603036,True,
MIDPOINT,3,2239266572,True,
MIDPOINT,7,1895356620,True,
MIDPOINT,30000,3584292591,True,
MIDPRICE,2,2426749725,True,
MIDPRICE,3,2915396493,True,
MIDPRICE,7,1480969805,True,
MIDPRICE,30000,1417475760,True,
MIDPRICE,2,919751057,True,
MIDPRICE,3,196239649,True,
MIDPRICE,7,4264740577,True,
MIDPRICE,30000,2515675760,True,
MIDPRICE,2,121263110,True,
MIDPRICE,3,979008182,True,
MIDPRICE,7,3487227254,True,
MIDPRICE,30000,202395759,True,
MIDPRICE,2,2706200762,True,
MIDPRICE,3,2620224010,True,
MIDPRICE,7,1773000650,True,
MIDPRICE,30000,3449721007,True,
MIDPRICE,2,1693083436,True,
MIDPRICE,3,1502236540,True,
MIDPRICE,7,2886396476,True,
MIDPRICE,30000,3836053042,True,
MIN,2,676697775,True,
MIN,3,355844095,True,
MIN,7,3769964991,True,
MIN,30000,2547060765,True,
MIN,2,2384633339,True,
MIN,3,3007493291,True,
MIN,7,1187124075,True,
MIN,30000,1449119965,True,
MIN,2,3217721240,True,
MIN,3,2192224040,True,
MIN,7,1999243496,True,
MIN,30000,3485316830,True,
MIN,2,431852836,True,
MIN,3,618505620,True,
MIN,7,3512534100,True,
MIN,30000,238250526,True,
MIN,2,3692737186,True,
MIN,3,3782908946,True,
MIN,7,351944146,True,
MIN,30000,654867611,True,
MININDEX,2,3809938571,True,
MININDEX,3,3732350491,True,
MININDEX,7,737641435,True,
MININDEX,30000,2264677581,True,
MININDEX,2,1163921439,True,
MININDEX,3,2013277839,True,
MININDEX,7,2374011215,True,
MININDEX,30000,1198711821,True,
MININDEX,2,1955077556,True,
MININDEX,3,1239954692,True,
MININDEX,7,3160969924,True,
MININDEX,30000,3734013454,True,
MININDEX,2,3539932936,True,
MININDEX,3,4020191160,True,
MININDEX,7,438278776,True,
MININDEX,30000,522083022,True,
MININDEX,2,391653502,True,
MININDEX,3,708313646,True,
MININDEX,7,3753420782,True,
MININDEX,30000,908415051,True,
MINMAX,2,1265458578,True,
MINMAX,3,1980593442,True,
MINMAX,7,2207109858,True,
MINMAX,30000,2072574789,True,
MINMAX,2,3977926430,True,
MINMAX,3,3497688974,True,
MINMAX,7,637196878,True,
MINMAX,30000,3120964997,True,
MINMAX,2,3706866873,True,
MINMAX,3,3784467977,True,
MINMAX,7,336774089,True,
MINMAX,30000,602162054,True,
MINMAX,2,2055555077,True,
MINMAX,3,1206218421,True,
MINMAX,7,2993015157,True,
MINMAX,30000,3798637894,True,
MINMAX,2,3206707583,True,
MINMAX,3,2185384239,True,
MINMAX,7,2009265903,True,
MINMAX,30000,3411118531,True,
MINMAXINDEX,2,2693971210,True,
MINMAXINDEX,3,2649920954,True,
MINMAXINDEX,7,1752315002,True,
MINMAXINDEX,30000,262164495,True,
MINMAXINDEX,2,115718070,True,
MINMAXINDEX,3,998612742,True,
MINMAXINDEX,7,3456448710,True,
MINMAXINDEX,30000,3459158223,True,
MINMAXINDEX,2,923643425,True,
MINMAXINDEX,3,174949521,True,
MINMAXINDEX,7,4293731153,True,
MINMAXINDEX,30000,1473050320,True,
MINMAXINDEX,2,2440734349,True,
MINMAXINDEX,3,2887421981,True,
MINMAXINDEX,7,1503275485,True,
MINMAXINDEX,30000,2520918544,True,
MINMAXINDEX,2,1423808791,True,
MINMAXINDEX,3,1774039463,True,
MINMAXINDEX,7,2621249639,True,
MINMAXINDEX,30000,3212393617,True,
MINUS_DI,2,2259911195,True,
MINUS_DI,3,3151210635,True,
MINUS_DI,7,1314066251,True,
MINUS_DI,30000,2245007004,True,
MINUS_DI,2,549751439,True,
MINUS_DI,3,497329183,True,
MINUS_DI,7,3894674911,True,
MINUS_DI,30000,1147062876,True,
MINUS_DI,2,288133380,True,
MINUS_DI,3,743225780,True,
MINUS_DI,7,3654033524,True,
MINUS_DI,30000,3720130651,True,
MINUS_DI,2,3076234168,True,
MINUS_DI,3,2319168264,True,
MINUS_DI,7,2142966984,True,
MINUS_DI,30000,473067675,True,
MINUS_DI,2,1929160238,True,
MINUS_DI,3,1335659646,True,
MINUS_DI,7,3122408254,True,
MINUS_DI,30000,889808414,True,
MINUS_DM,2,3680489767,True,
MINUS_DM,3,3862952343,True,
MINUS_DM,7,331309143,True,
MINUS_DM,30000,1164541234,True,
MINUS_DM,2,2099829651,True,
MINUS_DM,3,1078522659,True,
MINUS_DM,7,3049805027,True,
MINUS_DM,30000,2229773298,True,
MINUS_DM,2,1287700992,True,
MINUS_DM,3,1906370736,True,
MINUS_DM,7,2216710000,True,
MINUS_DM,30000,486917617,True,
MINUS_DM,2,3937913516,True,
MINUS_DM,3,3621250044,True,
MINUS_DM,7,576144828,True,
MINUS_DM,30000,3700103985,True,
MINUS_DM,2,789640506,True,
MINUS_DM,3,309386634,True,
MINUS_DM,7,3891297354,True,
MINUS_DM,30000,4121956272,True,
MOM,2,482794289,True,
MOM,3,564589441,True,
MOM,7,3559282241,True,
MOM,30000,3537447253,True,
MOM,2,3132215677,True,
MOM,3,2278684973,True,
MOM,7,1917935341,True,
MOM,30000,324532117,True,
MOM,2,2337917978,True,
MOM,3,3057246890,True,
MOM,7,1136215402,True,
MOM,30000,2327155094,True,
MOM,2,758038694,True,
MOM,3,273607190,True,
MOM,7,3855503318,True,
MOM,30000,1262178134,True,
MOM,2,3901357856,True,
MOM,3,3588872080,True,
MOM,7,543781456,True,
MOM,30000,1644190675,True,
MULT,2,1564045831,True,
MULT,3,1616468151,True,
MULT,7,2514091895,True,
MULT,30000,178065253,True,
MULT,2,4216224435,True,
MULT,3,3324924931,True,
MULT,7,867104195,True,
MULT,30000,3407073701,True,
MULT,2,3399901472,True,
MULT,3,4156967312,True,
MULT,7,38203472,True,
MULT,30000,1391572902,True,
MULT,2,1825663884,True,
MULT,3,1370571548,True,
MULT,7,2754733276,True,
MULT,30000,2474600806,True,
MULT,2,2843104794,True,
MULT,3,2484501674,True,
MULT,7,1637276522,True,
MULT,30000,3125050851,True,
NATR,2,1944825118,True,
NATR,3,1317766542,True,
NATR,7,3138069582,True,
NATR,30000,407223854,True,
NATR,2,3583813522,True,
NATR,3,3908865826,True,
NATR,7,494676194,True,
NATR,30000,3653985006,True,
NATR,2,3832856069,True,
NATR,3,3642004661,True,
NATR,7,747910005,True,
NATR,30000,1076430061,True,
NATR,2,1107539641,True,
NATR,3,2137235465,True,
NATR,7,2330147273,True,
NATR,30000,2175261741,True,
NATR,2,2275707179,True,
NATR,3,3133448571,True,
NATR,7,1329858619,True,
NATR,30000,2828848812,True,
OBV,2,2680239334,True,
OBV,3,2728468054,True,
OBV,7,1461828502,True,
OBV,30000,2657874148,True,
OBV,2,968245338,True,
OBV,3,81139434,True,
OBV,7,4048990506,True,
OBV,30000,1608855588,True,
OBV,2,140387773,True,
OBV,3,893259117,True,
OBV,7,3233721005,True,
OBV,30000,3322366499,True,
OBV,2,2921934705,True,
OBV,3,2471036865,True,
OBV,7,1724490241,True,
OBV,30000,126457571,True,
OBV,2,1804472563,True,
OBV,3,1458453059,True,
OBV,7,2741936003,True,
OBV,30000,783451238,True,
PLUS_DI,2,1234252215,True,
PLUS_DI,3,1961957639,True,
PLUS_DI,7,2171715271,True,
PLUS_DI,30000,460402599,True,
PLUS_DI,2,4024843011,True,
PLUS_DI,3,3532002227,True,
PLUS_DI,7,654751347,True,
PLUS_DI,30000,3674206567,True,
PLUS_DI,2,3725467792,True,
PLUS_DI,3,3815639584,True,
PLUS_DI,7,384741344,True,
PLUS_DI,30000,1126012776,True,
PLUS_DI,2,2021207068,True,
PLUS_DI,3,1159266956,True,
PLUS_DI,7,2962859340,True,
PLUS_DI,30000,2190690728,True,
PLUS_DI,2,3185448362,True,
PLUS_DI,3,2159951130,True,
PLUS_DI,7,1967037146,True,
PLUS_DI,30000,2879937833,True,
PLUS_DM,2,343761067,True,
PLUS_DM,3,689785339,True,
PLUS_DM,7,3701338043,True,
PLUS_DM,30000,3687335477,True,
PLUS_DM,2,2987027455,True,
PLUS_DM,3,2406105775,True,
PLUS_DM,7,2062214511,True,
PLUS_DM,30000,440834805,True,
PLUS_DM,2,2212655508,True,
PLUS_DM,3,3196213540,True,
PLUS_DM,7,1258487524,True,
PLUS_DM,30000,2208627958,True,
PLUS_DM,2,630553384,True,
PLUS_DM,3,418730904,True,
PLUS_DM,7,3983930968,True,
PLUS_DM,30000,1110058038,True,
PLUS_DM,2,3761390750,True,
PLUS_DM,3,3713166862,True,
PLUS_DM,7,684903374,True,
PLUS_DM,30000,1796290227,True,
PPO,2,2180489748,True,
PPO,3,3164047524,True,
PPO,7,1226256228,True,
PPO,30000,986708163,False,PPO[0]: max abs diff 2.535083331167698e-05
PPO,2,662743720,True,
PPO,3,450921496,True,
PPO,7,4016055768,True,
PPO,30000,4215351299,False,PPO[0]: max abs diff 0.0010630413889884949
PPO,2,375959851,True,
PPO,3,721983867,True,
PPO,7,3733471291,True,
PPO,30000,1654866436,False,PPO[0]: max abs diff 0.0001189549220725894
PPO,2,2954869631,True,
PPO,3,2373948207,True,
PPO,7,2029991151,True,
PPO,30000,2737675972,True,
PPO,2,1975027205,True,
PPO,3,1222159541,True,
PPO,7,3176663925,True,
PPO,30000,2316733509,False,PPO[0]: max abs diff 0.0007547386921942234
ROC,2,3909759396,True,
ROC,3,3563723028,True,
ROC,7,569032404,True,
ROC,30000,953514291,True,
ROC,2,1333607192,True,
ROC,3,1914508200,True,
ROC,7,2275260008,True,
ROC,30000,4183533555,True,
ROC,2,2123702395,True,
ROC,3,1140132395,True,
ROC,7,3061166059,True,
ROC,30000,1622786548,True,
ROC,2,3638701103,True,
ROC,3,3850502783,True,
ROC,7,268608831,True,
ROC,30000,2704744244,True,
ROC,2,491066805,True,
ROC,3,539311365,True,
ROC,7,3584400069,True,
ROC,30000,2282490805,True,
ROCP,2,3272316490,True,
ROCP,3,4268473594,True,
ROCP,7,199957306,True,
ROCP,30000,3608177650,True,
ROCP,2,1702665974,True,
ROCP,3,1478277190,True,
ROCP,7,2912686470,True,
ROCP,30000,379499826,True,
ROCP,2,1419019617,True,
ROCP,3,1777642961,True,
ROCP,7,2624850961,True,
ROCP,30000,2407322417,True,
ROCP,2,4074999757,True,
ROCP,3,3481511773,True,
ROCP,7,973275293,True,
ROCP,30000,1324486129,True,
ROCP,2,927248983,True,
ROCP,3,170170599,True,
ROCP,7,4288954151,True,
ROCP,30000,1741232496,True,
ROCR,2,3992829380,True,
ROCR,3,3499988340,True,
ROCR,7,622670516,True,
ROCR,30000,3075268279,True,
ROCR,2,1267382136,True,
ROCR,3,1995087816,True,
ROCR,7,2204776968,True,
ROCR,30000,1992426103,True,
ROCR,2,2053287131,True,
ROCR,3,1191347787,True,
ROCR,7,2994873227,True,
ROCR,30000,4011878520,True,
ROCR,2,3692406863,True,
ROCR,3,3782577887,True,
ROCR,7,351611167,True,
ROCR,30000,783202488,True,
ROCR,2,431135189,True,
ROCR,3,617787749,True,
ROCR,7,3511817893,True,
ROCR,30000,127249977,True,
ROCR100,2,3006365127,True,
ROCR100,3,2387694967,True,
ROCR100,7,2077356727,True,
ROCR100,30000,4204879226,True,
ROCR100,2,356939635,True,
ROCR100,3,673603523,True,
ROCR100,7,3718707715,True,
ROCR100,30000,992969658,True,
ROCR100,2,615410912,True,
ROCR100,3,432948816,True,
ROCR100,7,3964593040,True,
ROCR100,30000,2731402681,True,
ROCR100,2,2195286092,True,
ROCR100,3,3216592604,True,
ROCR100,7,1245309212,True,
ROCR100,30000,1665350521,True,
ROCR100,2,1199462874,True,
ROCR100,3,2048815466,True,
ROCR100,7,2409551530,True,
ROCR100,30000,1249390584,True,
RSI,2,1102502732,True,
RSI,3,2094461916,True,
RSI,7,2304136732,True,
RSI,30000,1322103898,True,
RSI,2,3888239072,True,
RSI,3,3668048208,True,
RSI,7,790716048,True,
RSI,30000,2403560602,True,
RSI,2,3593063539,True,
RSI,3,3947487939,True,
RSI,7,516506883,True,
RSI,30000,379652761,True,
RSI,2,1885257927,True,
RSI,3,1295968887,True,
RSI,7,3099479991,True,
RSI,30000,3610236505,True,
RSI,2,3053059901,True,
RSI,3,2291783661,True,
RSI,7,2098819629,True,
RSI,30000,4262772952,True,
SAR,2,2381744355,True,
SAR,3,2962661971,True,
SAR,7,1159071635,True,
SAR,30000,589597194,True,
SAR,2,729908311,True,
SAR,3,383888103,True,
SAR,7,3814788391,True,
SAR,30000,3802814154,True,
SAR,2,443128252,True,
SAR,3,654946668,True,
SAR,7,3532199596,True,
SAR,30000,2068328649,True,
SAR,2,3156120432,True,
SAR,3,2172566464,True,
SAR,7,1962810880,True,
SAR,30000,3133599753,True,
SAR,2,2042211574,True,
SAR,3,1155106374,True,
SAR,7,2975409030,True,
SAR,30000,2482895496,True,
SAREXT,2,840564755,True,
SAREXT,3,259643043,True,
SAREXT,7,4210651491,True,
SAREXT,30000,1992597822,True,
SAREXT,2,2490299559,True,
SAREXT,3,2836323863,True,
SAREXT,7,1552841687,True,
SAREXT,30000,3075112830,True,
SAREXT,2,2777083692,True,
SAREXT,3,2565261180,True,
SAREXT,7,1835426364,True,
SAREXT,30000,782768509,True,
SAREXT,2,66184576,True,
SAREXT,3,1049742640,True,
SAREXT,7,3406916336,True,
SAREXT,30000,4012295997,True,
SAREXT,2,3327581190,True,
SAREXT,3,4214682294,True,
SAREXT,7,246830454,True,
SAREXT,30000,3323843516,True,
SIN,2,3570760308,True,
SIN,3,3920974020,True,
SIN,7,473298692,True,
SIN,30000,1052805395,True,
SIN,2,1923248840,True,
SIN,3,1338137720,True,
SIN,7,3124952504,True,
SIN,30000,4283324371,True,
SIN,2,1128950091,True,
SIN,3,2116698587,True,
SIN,7,2343233563,True,
SIN,30000,1722560980,True,
SIN,2,3846005727,True,
SIN,3,3629992783,True,
SIN,7,769518735,True,
SIN,30000,2804084500,True,
SIN,2,546987621,True,
SIN,3,502953173,True,
SIN,7,3900363541,True,
SIN,30000,2384067477,True,
SINH,2,1392343221,True,
SINH,3,1872581125,True,
SINH,7,2585655237,True,
SINH,30000,41692275,True,
SINH,2,4102714377,True,
SINH,3,3387579065,True,
SINH,7,1013644665,True,
SINH,30000,3287479475,True,
SINH,2,3311561102,True,
SINH,3,4160897310,True,
SINH,7,226682590,True,
SINH,30000,1511035572,True,
SINH,2,1662346018,True,
SINH,3,1584745362,True,
SINH,7,2885021266,True,
SINH,30000,2610843252,True,
SINH,2,2796706980,True,
SINH,3,2614261268,True,
SINH,7,1850921940,True,
SINH,30000,2997180661,True,
SMA,2,42407629,True,
SMA,3,1072119901,True,
SMA,7,3395787165,True,
SMA,30000,1889073,True,
SMA,2,2767199841,True,
SMA,3,2576364753,True,
SMA,7,1813025553,True,
SMA,30000,3247574513,True,
SMA,2,2501380086,True,
SMA,3,2826448710,True,
SMA,7,1576568966,True,
SMA,30000,1483762674,True,
SMA,2,862915914,True,
SMA,3,235873786,True,
SMA,7,4220486714,True,
SMA,30000,2583606578,True,
SMA,2,4140315324,True,
SMA,3,3416792172,True,
SMA,7,1042857388,True,
SMA,30000,2965741999,True,
SQRT,2,833523250,True,
SQRT,3,214869122,True,
SQRT,7,4182639426,True,
SQRT,30000,3949841099,True,
SQRT,2,2547615358,True,
SQRT,3,2864295982,True,
SQRT,7,1597573614,True,
SQRT,30000,719525387,True,
SQRT,2,2788269337,True,
SQRT,3,2605823401,True,
SQRT,7,1859196009,True,
SQRT,30000,3003216908,True,
SQRT,2,4626341,True,
SQRT,3,1025949461,True,
SQRT,7,3366328533,True,
SQRT,30000,1922018508,True,
SQRT,2,3319900703,True,
SQRT,3,4169236623,True,
SQRT,7,218179407,True,
SQRT,30000,1538570829,True,
STDDEV,2,1161584590,True,
STDDEV,3,2019325790,True,
STDDEV,7,2380058782,True,
STDDEV,30000,677552471,True,
STDDEV,2,3813365090,True,
STDDEV,3,3727392210,True,
STDDEV,7,732683282,True,
STDDEV,30000,3924590487,True,
STDDEV,2,3533917941,True,
STDDEV,3,4022560837,True,
STDDEV,7,440648069,True,
STDDEV,30000,1879972248,True,
STDDEV,2,1960068681,True,
STDDEV,3,1236561145,True,
STDDEV,7,3157576505,True,
STDDEV,30000,2978006872,True,
STDDEV,2,2977135547,True,
STDDEV,3,2350076779,True,
STDDEV,7,2039739563,True,
STDDEV,30000,2562446297,True,
STOCH,2,4224650127,True,
STOCH,3,3333366559,True,
STOCH,7,858752223,True,
STOCH,30000,1448897340,True,
STOCH,2,1572339995,True,
STOCH,3,1624779147,True,
STOCH,7,2505609291,True,
STOCH,30000,2547168636,True,
STOCH,2,1817189048,True,
STOCH,3,1362113544,True,
STOCH,7,2763036104,True,
STOCH,30000,238080891,True,
STOCH,2,3391558148,True,
STOCH,3,4148639924,True,
STOCH,7,46636916,True,
STOCH,30000,3485338939,True,
STOCH,2,260059010,True,
STOCH,3,853542706,True,
STOCH,7,3344998642,True,
STOCH,30000,3867482558,True,
STOCHF,2,1152067482,True,
STOCHF,3,2043350826,True,
STOCHF,7,2353768682,True,
STOCHF,30000,3930411893,True,
STOCHF,2,3806080294,True,
STOCHF,3,3753641366,True,
STOCHF,7,708617302,True,
STOCHF,30000,734760373,True,
STOCHF,2,3543414449,True,
STOCHF,3,3998490625,True,
STOCHF,7,466926017,True,
STOCHF,30000,2989091766,True,
STOCHF,2,1967341053,True,
STOCHF,3,1210258605,True,
STOCHF,7,3181622125,True,
STOCHF,30000,1940338038,True,
STOCHF,2,2967733127,True,
STOCHF,3,2374249271,True,
STOCHF,7,2013564151,True,
STOCHF,30000,1520181747,True,
STOCHRSI,2,50045758,True,
STOCHRSI,3,1067158510,True,
STOCHRSI,7,3390778926,True,
STOCHRSI,30000,1144861884,True,
STOCHRSI,2,2760681970,True,
STOCHRSI,3,2582413634,True,
STOCHRSI,7,1819027074,True,
STOCHRSI,30000,2243161084,True,
STOCHRSI,2,2506404965,True,
STOCHRSI,3,2818874069,True,
STOCHRSI,7,1568947477,True,
STOCHRSI,30000,475106811,True,
STOCHRSI,2,856930521,True,
STOCHRSI,3,242455145,True,
STOCHRSI,7,4227020713,True,
STOCHRSI,30000,3722400443,True,
STOCHRSI,2,4139026251,True,
STOCHRSI,3,3419713499,True,
STOCHRSI,7,1045695003,True,
STOCHRSI,30000,4108601406,True,
SUB,2,259255302,True,
SUB,3,840155830,True,
SUB,7,3348325750,True,
SUB,30000,3896351901,True,
SUB,2,2835669178,True,
SUB,3,2489633290,True,
SUB,7,1642360778,True,
SUB,30000,699614301,True,
SUB,2,2565667613,True,
SUB,3,2777469837,True,
SUB,7,1342993997,True,
SUB,30000,2958108254,True,
SUB,2,1050407313,True,
SUB,3,66836769,True,
SUB,7,4135288545,True,
SUB,30000,1910504094,True,
SUB,2,4215066643,True,
SUB,3,3327977123,True,
SUB,7,870072675,True,
SUB,30000,1491398683,True,
SUM,2,3502908629,True,
SUM,3,3987344997,True,
SUM,7,405449637,True,
SUM,30000,3477948818,True,
SUM,2,1992110185,True,
SUM,3,1272776409,True,
SUM,7,3193807129,True,
SUM,30000,247699282,True,
SUM,2,1196766702,True,
SUM,3,2050301246,True,
SUM,7,2411051646,True,
SUM,30000,2535584081,True,
SUM,2,3777118018,True,
SUM,3,3695319026,True,
SUM,7,700625458,True,
SUM,30000,1454321553,True,
SUM,2,612696260,True,
SUM,3,434449012,True,
SUM,7,3966078900,True,
SUM,30000,2140420880,True,
T3,2,1849177623,True,
T3,3,1398283431,True,
T3,7,2799221607,True,
T3,30000,2346462393,True,
T3,2,3360636579,True,
T3,3,4113504275,True,
T3,7,11514323,True,
T3,30000,1246950521,True,
T3,2,4188480816,True,
T3,3,3301379456,True,
T3,7,826780736,True,
T3,30000,3551565434,True,
T3,2,1607479164,True,
T3,3,1655703340,True,
T3,7,2536546540,True,
T3,30000,306072250,True,
T3,2,2591494666,True,
T3,3,2803316922,True,
T3,7,1385668474,True,
T3,30000,990208055,True,
TAN,2,3996724489,True,
TAN,3,3545826745,True,
TAN,7,651797625,True,
TAN,30000,2526583343,True,
TAN,2,1213081525,True,
TAN,3,1965952773,True,
TAN,7,2158930117,True,
TAN,30000,1461077743,True,
TAN,2,2040938018,True,
TAN,3,1153832082,True,
TAN,7,2974200658,True,
TAN,30000,3472105712,True,
TAN,2,3755030158,True,
TAN,3,3803258910,True,
TAN,7,389134814,True,
TAN,30000,259719216,True,
TAN,2,443943192,True,
TAN,3,655761832,True,
TAN,7,3533080680,True,
TAN,30000,641854129,True,
TANH,2,2628153707,True,
TANH,3,2714130875,True,
TANH,7,1413939195,True,
TANH,30000,806100869,True,
TANH,2,986807231,True,
TANH,3,129061743,True,
TANH,7,4063360175,True,
TANH,30000,4051878213,True,
TANH,2,188310100,True,
TANH,3,911821028,True,
TANH,7,3285839652,True,
TANH,30000,1751164742,True,
TANH,2,2907597544,True,
TANH,3,2418951256,True,
TANH,7,1705960856,True,
TANH,30000,2850978182,True,
TANH,2,1760122206,True,
TANH,3,1435073998,True,
TANH,7,2685000718,True,
TANH,30000,2161470723,True,
TEMA,2,1810566821,True,
TEMA,3,1451960341,True,
TEMA,7,2735440341,True,
TEMA,30000,1099191765,True,
TEMA,2,3449554457,True,
TEMA,3,4043058345,True,
TEMA,7,92048233,True,
TEMA,30000,2148174613,True,
TEMA,2,4235468670,True,
TEMA,3,3239327534,True,
TEMA,7,882151662,True,
TEMA,30000,434695446,True,
TEMA,2,1510151474,True,
TEMA,3,1734557058,True,
TEMA,7,2464390210,True,
TEMA,30000,3630576598,True,
TEMA,2,2678336180,True,
TEMA,3,2730755076,True,
TEMA,7,1464116676,True,
TEMA,30000,4049413971,True,
TRANGE,2,1805691854,True,
TRANGE,3,1455457118,True,
TRANGE,7,2738889886,True,
TRANGE,30000,2609755012,True,
TRANGE,2,3453460834,True,
TRANGE,3,4038560210,True,
TRANGE,7,87502866,True,
TRANGE,30000,1510174020,True,
TRANGE,2,4232035061,True,
TRANGE,3,3244266565,True,
TRANGE,7,887043461,True,
TRANGE,30000,3286305603,True,
TRANGE,2,1514713673,True,
TRANGE,3,1730713849,True,
TRANGE,7,2460499769,True,
TRANGE,30000,40883587,True,
TRANGE,2,2683277243,True,
TRANGE,3,2727323499,True,
TRANGE,7,1460601003,True,
TRANGE,30000,726974726,True,
TRIMA,2,861856898,True,
TRIMA,3,238997042,True,
TRIMA,7,4223560690,True,
TRIMA,30000,1269560687,True,
TRIMA,2,2502553646,True,
TRIMA,3,2823407230,True,
TRIMA,7,1573478718,True,
TRIMA,30000,2317691823,True,
TRIMA,2,2764174761,True,
TRIMA,3,2577521945,True,
TRIMA,7,1814133465,True,
TRIMA,30000,331828656,True,
TRIMA,2,45547285,True,
TRIMA,3,1071044517,True,
TRIMA,7,3394663013,True,
TRIMA,30000,3528037232,True,
TRIMA,2,3339829391,True,
TRIMA,3,4201769503,True,
TRIMA,7,267472863,True,
TRIMA,30000,4218587121,True,
TRIX,2,3853421485,True,
TRIX,3,3637420797,True,
TRIX,7,760087741,True,
TRIX,30000,3034179233,True,
TRIX,2,1138327809,True,
TRIX,3,2126096817,True,
TRIX,7,2335772785,True,
TRIX,30000,1968650849,True,
TRIX,2,1915853462,True,
TRIX,3,1330754598,True,
TRIX,7,3134264806,True,
TRIX,30000,3971309666,True,
TRIX,2,3561394730,True,
TRIX,3,3911628954,True,
TRIX,7,480649050,True,
TRIX,30000,758874274,True,
TRIX,2,300003228,True,
TRIX,3,746686220,True,
TRIX,7,3640729804,True,
TRIX,30000,67147295,True,
TSF,2,1991958462,True,
TSF,3,1272641390,True,
TSF,7,3193589934,True,
TSF,30000,1262989971,True,
TSF,2,3503150450,True,
TSF,3,3987602882,True,
TSF,7,405625858,True,
TSF,30000,2328456787,True,
TSF,2,3777351397,True,
TSF,3,3695568981,True,
TSF,7,700793237,True,
TSF,30000,321588308,True,
TSF,2,1196607065,True,
TSF,3,2050157801,True,
TSF,7,2410826537,True,
TSF,30000,3534083220,True,
TSF,2,2197158859,True,
TSF,3,3214267227,True,
TSF,7,1242920091,True,
TSF,30000,4221485589,True,
TYPPRICE,2,2424659797,True,
TYPPRICE,3,2917496805,True,
TYPPRICE,7,1483067941,True,
TYPPRICE,30000,2051998059,True,
TYPPRICE,2,921851369,True,
TYPPRICE,3,194149721,True,
TYPPRICE,7,4262648473,True,
TYPPRICE,30000,3150045099,True,
TYPPRICE,2,119165038,True,
TYPPRICE,3,981100222,True,
TYPPRICE,7,3489317118,True,
TYPPRICE,30000,572766636,True,
TYPPRICE,2,2708292802,True,
TYPPRICE,3,2618125938,True,
TYPPRICE,7,1770900402,True,
TYPPRICE,30000,3819792236,True,
TYPPRICE,2,1690991428,True,
TYPPRICE,3,1504334836,True,
TYPPRICE,7,2888496692,True,
TYPPRICE,30000,3398857709,True,
ULTOSC,2,2955214326,True,
ULTOSC,3,2370098502,True,
ULTOSC,7,2026140294,True,
ULTOSC,30000,3637784900,True,
ULTOSC,2,374601546,True,
ULTOSC,3,724819962,True,
ULTOSC,7,3736304186,True,
ULTOSC,30000,425389956,True,
ULTOSC,2,666627277,True,
ULTOSC,3,450610781,True,
ULTOSC,7,4015743901,True,
ULTOSC,30000,2159577475,True,
ULTOSC,2,2177689697,True,
ULTOSC,3,3165441745,True,
ULTOSC,7,1227647249,True,
ULTOSC,30000,1094080323,True,
ULTOSC,2,1147918819,True,
ULTOSC,3,2030825811,True,
ULTOSC,7,2357941907,True,
ULTOSC,30000,1745699782,True,
VAR,2,4238419109,True,
VAR,3,3250654741,True,
VAR,7,876719061,True,
VAR,30000,279132031,True,
VAR,2,1523986457,True,
VAR,3,1739982505,True,
VAR,7,2453053801,True,
VAR,30000,3509446975,True,
VAR,2,1799239038,True,
VAR,3,1449008430,True,
VAR,7,2749283054,True,
VAR,30000,1221562176,True,
VAR,2,3444129586,True,
VAR,3,4029224834,True,
VAR,7,95007298,True,
VAR,30000,2302759296,True,
VAR,2,149815476,True,
VAR,3,898509316,True,
VAR,7,3222179780,True,
VAR,30000,2692367617,True,
WCLPRICE,2,3597116843,True,
WCLPRICE,3,3943140603,True,
WCLPRICE,7,512174779,True,
WCLPRICE,30000,2313898193,True,
WCLPRICE,2,1880141567,True,
WCLPRICE,3,1299220399,True,
WCLPRICE,7,3102745199,True,
WCLPRICE,30000,1214617617,True,
WCLPRICE,2,1106818196,True,
WCLPRICE,3,2090376740,True,
WCLPRICE,7,2300066788,True,
WCLPRICE,30000,3515347474,True,
WCLPRICE,2,3884957736,True,
WCLPRICE,3,3673134744,True,
WCLPRICE,7,795816280,True,
WCLPRICE,30000,269037266,True,
WCLPRICE,2,573079966,True,
WCLPRICE,3,524855566,True,
WCLPRICE,7,3938979534,True,
WCLPRICE,30000,959593551,True,
WILLR,2,4173756782,True,
WILLR,3,3316011454,True,
WILLR,7,807860222,True,
WILLR,30000,59256885,True,
WILLR,2,1588687810,True,
WILLR,3,1674664818,True,
WILLR,7,2521955506,True,
WILLR,30000,3255234805,True,
WILLR,2,1868130901,True,
WILLR,3,1379483877,True,
WILLR,7,2813978405,True,
WILLR,30000,1541707510,True,
WILLR,2,3375260393,True,
WILLR,3,4098772057,True,
WILLR,7,30338457,True,
WILLR,30000,2590657078,True,
WILLR,2,210328923,True,
WILLR,3,837383627,True,
WILLR,7,3295269899,True,
WILLR,30000,3008453811,True,
WMA,2,2992531019,True,
WMA,3,2403224795,True,
WMA,7,2059332379,True,
WMA,30000,2321594448,True,
WMA,2,338259679,True,
WMA,3,692668495,True,
WMA,7,3704217999,True,
WMA,30000,1273915536,True,
WMA,2,633435508,True,
WMA,3,413228484,True,
WMA,7,3978427396,True,
WMA,30000,3524005519,True,
WMA,2,2209775560,True,
WMA,3,3201718136,True,
WMA,7,1263988920,True,
WMA,30000,327340623,True,
WMA,2,1175536190,True,
WMA,3,2071029998,True,
WMA,7,2398211886,True,
WMA,30000,985253074,True,
